-- phpMyAdmin SQL Dump
-- version 5.0.3
-- https://www.phpmyadmin.net/
--
-- Host: 127.0.0.1
-- Generation Time: Dec 28, 2020 at 01:08 PM
-- Server version: 10.4.14-MariaDB
-- PHP Version: 7.2.34

SET SQL_MODE = "NO_AUTO_VALUE_ON_ZERO";
START TRANSACTION;
SET time_zone = "+00:00";


/*!40101 SET @OLD_CHARACTER_SET_CLIENT=@@CHARACTER_SET_CLIENT */;
/*!40101 SET @OLD_CHARACTER_SET_RESULTS=@@CHARACTER_SET_RESULTS */;
/*!40101 SET @OLD_COLLATION_CONNECTION=@@COLLATION_CONNECTION */;
/*!40101 SET NAMES utf8mb4 */;

--
-- Database: `youturn`
--

-- --------------------------------------------------------

--
-- Table structure for table `complex_disease_female`
--

CREATE TABLE `complex_disease_female` (
  `id` int(11) NOT NULL,
  `order_id` varchar(225) NOT NULL,
  `token` varchar(225) NOT NULL,
  `com_id` int(11) NOT NULL,
  `yourRisk` varchar(22) NOT NULL,
  `Avg Risk` varchar(11) NOT NULL,
  `CompAvgRisk` varchar(11) NOT NULL,
  `Date` date NOT NULL,
  `time` time NOT NULL,
  `DateTime` datetime NOT NULL DEFAULT current_timestamp()
) ENGINE=InnoDB DEFAULT CHARSET=utf8mb4;

--
-- Dumping data for table `complex_disease_female`
--

INSERT INTO `complex_disease_female` (`id`, `order_id`, `token`, `com_id`, `yourRisk`, `Avg Risk`, `CompAvgRisk`, `Date`, `time`, `DateTime`) VALUES
(1, 'YGK6f0a0e90d95e130d82eb49c1', 'ad23d9218c5a6be3', 1, '0', '0', '1', '2020-12-24', '10:47:57', '2020-12-24 15:17:59'),
(2, 'YGK6f0a0e90d95e130d82eb49c1', 'ad23d9218c5a6be3', 2, '0', '0', '2', '2020-12-24', '10:47:57', '2020-12-24 15:17:59'),
(3, 'YGK6f0a0e90d95e130d82eb49c1', 'ad23d9218c5a6be3', 3, '0', '0', '3', '2020-12-24', '10:47:57', '2020-12-24 15:17:59'),
(4, 'YGK6f0a0e90d95e130d82eb49c1', 'ad23d9218c5a6be3', 4, '0', '0', '4', '2020-12-24', '10:47:57', '2020-12-24 15:17:59'),
(5, 'YGK6f0a0e90d95e130d82eb49c1', 'ad23d9218c5a6be3', 5, '0', '0', '5', '2020-12-24', '10:47:57', '2020-12-24 15:17:59'),
(6, 'YGK6f0a0e90d95e130d82eb49c1', 'ad23d9218c5a6be3', 6, '0', '0', '6', '2020-12-24', '10:47:57', '2020-12-24 15:17:59'),
(7, 'YGK6f0a0e90d95e130d82eb49c1', 'ad23d9218c5a6be3', 7, '0', '0', '7', '2020-12-24', '10:47:57', '2020-12-24 15:17:59'),
(8, 'YGK6f0a0e90d95e130d82eb49c1', 'ad23d9218c5a6be3', 8, '0', '0', '8', '2020-12-24', '10:47:57', '2020-12-24 15:17:59'),
(9, 'YGK6f0a0e90d95e130d82eb49c1', 'ad23d9218c5a6be3', 9, '0', '0', '9', '2020-12-24', '10:47:57', '2020-12-24 15:17:59'),
(10, 'YGK6f0a0e90d95e130d82eb49c1', 'ad23d9218c5a6be3', 10, '0', '0', '02', '2020-12-24', '10:47:57', '2020-12-24 15:17:59');

-- --------------------------------------------------------

--
-- Table structure for table `complex_disease_male`
--

CREATE TABLE `complex_disease_male` (
  `id` int(11) NOT NULL,
  `order_id` varchar(225) NOT NULL,
  `token` varchar(225) NOT NULL,
  `com_id` int(33) NOT NULL,
  `yourRisk` varchar(11) NOT NULL,
  `Avg Risk` varchar(11) NOT NULL,
  `CompAvgRisk` varchar(11) NOT NULL,
  `Date` date NOT NULL,
  `time` time NOT NULL,
  `DateTime` datetime NOT NULL DEFAULT current_timestamp()
) ENGINE=InnoDB DEFAULT CHARSET=utf8mb4;

--
-- Dumping data for table `complex_disease_male`
--

INSERT INTO `complex_disease_male` (`id`, `order_id`, `token`, `com_id`, `yourRisk`, `Avg Risk`, `CompAvgRisk`, `Date`, `time`, `DateTime`) VALUES
(1, 'YGKaf58fa947c5579aec9102366', '47f20e468a740d22', 1, '0', '0', '1', '2020-12-24', '11:03:22', '2020-12-24 15:33:33'),
(2, 'YGKaf58fa947c5579aec9102366', '47f20e468a740d22', 2, '0', '0', '2', '2020-12-24', '11:03:22', '2020-12-24 15:33:33'),
(3, 'YGKaf58fa947c5579aec9102366', '47f20e468a740d22', 3, '0', '0', '3', '2020-12-24', '11:03:22', '2020-12-24 15:33:33'),
(4, 'YGKaf58fa947c5579aec9102366', '47f20e468a740d22', 4, '0', '0', '4', '2020-12-24', '11:03:22', '2020-12-24 15:33:33'),
(5, 'YGKaf58fa947c5579aec9102366', '47f20e468a740d22', 5, '0', '0', '5', '2020-12-24', '11:03:22', '2020-12-24 15:33:33'),
(6, 'YGKaf58fa947c5579aec9102366', '47f20e468a740d22', 6, '0', '0', '6', '2020-12-24', '11:03:22', '2020-12-24 15:33:33'),
(7, 'YGKaf58fa947c5579aec9102366', '47f20e468a740d22', 7, '0', '0', '7', '2020-12-24', '11:03:22', '2020-12-24 15:33:33'),
(8, 'YGKaf58fa947c5579aec9102366', '47f20e468a740d22', 8, '0', '0', '8', '2020-12-24', '11:03:22', '2020-12-24 15:33:33'),
(9, 'YGKaf58fa947c5579aec9102366', '47f20e468a740d22', 9, '0', '0', '9', '2020-12-24', '11:03:22', '2020-12-24 15:33:33'),
(10, 'YGKaf58fa947c5579aec9102366', '47f20e468a740d22', 10, '0', '0', '02', '2020-12-24', '11:03:22', '2020-12-24 15:33:33'),
(11, 'YGKaf58fa947c5579aec9102366', '47f20e468a740d22', 11, '0', '0', '', '2020-12-24', '11:03:22', '2020-12-24 15:33:33'),
(12, 'YGKaf58fa947c5579aec9102366', '47f20e468a740d22', 12, '0', '0', '', '2020-12-24', '11:03:22', '2020-12-24 15:33:33'),
(13, 'YGKaf58fa947c5579aec9102366', '47f20e468a740d22', 13, '0', '0', '', '2020-12-24', '11:03:22', '2020-12-24 15:33:33'),
(14, 'YGKaf58fa947c5579aec9102366', '47f20e468a740d22', 14, '0', '0', '', '2020-12-24', '11:03:22', '2020-12-24 15:33:33'),
(15, 'YGKaf58fa947c5579aec9102366', '47f20e468a740d22', 15, '0', '0', '', '2020-12-24', '11:03:22', '2020-12-24 15:33:33'),
(16, 'YGKaf58fa947c5579aec9102366', '47f20e468a740d22', 16, '0', '0', '', '2020-12-24', '11:03:22', '2020-12-24 15:33:33'),
(17, 'YGKaf58fa947c5579aec9102366', '47f20e468a740d22', 17, '0', '0', '', '2020-12-24', '11:03:22', '2020-12-24 15:33:33'),
(18, 'YGKaf58fa947c5579aec9102366', '47f20e468a740d22', 18, '0', '0', '', '2020-12-24', '11:03:22', '2020-12-24 15:33:33'),
(19, 'YGKaf58fa947c5579aec9102366', '47f20e468a740d22', 19, '0', '0', '', '2020-12-24', '11:03:22', '2020-12-24 15:33:33'),
(20, 'YGKaf58fa947c5579aec9102366', '47f20e468a740d22', 20, '0', '0', '', '2020-12-24', '11:03:22', '2020-12-24 15:33:33'),
(21, 'YGKaf58fa947c5579aec9102366', '47f20e468a740d22', 21, '0', '0', '', '2020-12-24', '11:03:22', '2020-12-24 15:33:33'),
(22, 'YGKaf58fa947c5579aec9102366', '47f20e468a740d22', 22, '0', '0', '', '2020-12-24', '11:03:22', '2020-12-24 15:33:33'),
(23, 'YGKaf58fa947c5579aec9102366', '47f20e468a740d22', 23, '0', '0', '', '2020-12-24', '11:03:22', '2020-12-24 15:33:33'),
(24, 'YGKaf58fa947c5579aec9102366', '47f20e468a740d22', 24, '0', '0', '', '2020-12-24', '11:03:22', '2020-12-24 15:33:33'),
(25, 'YGKaf58fa947c5579aec9102366', '47f20e468a740d22', 25, '0', '0', '', '2020-12-24', '11:03:22', '2020-12-24 15:33:33'),
(26, 'YGKaf58fa947c5579aec9102366', '47f20e468a740d22', 26, '0', '0', '', '2020-12-24', '11:03:22', '2020-12-24 15:33:33'),
(27, 'YGKaf58fa947c5579aec9102366', '47f20e468a740d22', 27, '0', '0', '', '2020-12-24', '11:03:22', '2020-12-24 15:33:33'),
(28, 'YGKaf58fa947c5579aec9102366', '47f20e468a740d22', 28, '0', '0', '', '2020-12-24', '11:03:22', '2020-12-24 15:33:33'),
(29, 'YGKaf58fa947c5579aec9102366', '47f20e468a740d22', 29, '0', '0', '', '2020-12-24', '11:03:22', '2020-12-24 15:33:33'),
(30, 'YGKaf58fa947c5579aec9102366', '47f20e468a740d22', 30, '0', '0', '', '2020-12-24', '11:03:22', '2020-12-24 15:33:33'),
(31, 'YGKaf58fa947c5579aec9102366', '47f20e468a740d22', 31, '0', '0', '', '2020-12-24', '11:03:22', '2020-12-24 15:33:33'),
(32, 'YGKaf58fa947c5579aec9102366', '47f20e468a740d22', 32, '0', '0', '', '2020-12-24', '11:03:22', '2020-12-24 15:33:34'),
(33, 'YGKaf58fa947c5579aec9102366', '47f20e468a740d22', 33, '0', '0', '', '2020-12-24', '11:03:22', '2020-12-24 15:33:34'),
(34, 'YGKaf58fa947c5579aec9102366', '47f20e468a740d22', 34, '0', '0', '', '2020-12-24', '11:03:22', '2020-12-24 15:33:34'),
(35, 'YGKaf58fa947c5579aec9102366', '47f20e468a740d22', 35, '0', '0', '', '2020-12-24', '11:03:22', '2020-12-24 15:33:34'),
(36, 'YGKaf58fa947c5579aec9102366', '47f20e468a740d22', 36, '0', '0', '', '2020-12-24', '11:03:22', '2020-12-24 15:33:34'),
(37, 'YGKaf58fa947c5579aec9102366', '47f20e468a740d22', 37, '0', '0', '', '2020-12-24', '11:03:22', '2020-12-24 15:33:34'),
(38, 'YGKaf58fa947c5579aec9102366', '47f20e468a740d22', 38, '0', '0', '', '2020-12-24', '11:03:22', '2020-12-24 15:33:34'),
(39, 'YGKaf58fa947c5579aec9102366', '47f20e468a740d22', 39, '0', '0', '', '2020-12-24', '11:03:22', '2020-12-24 15:33:34'),
(40, 'YGKaf58fa947c5579aec9102366', '47f20e468a740d22', 40, '0', '0', '', '2020-12-24', '11:03:22', '2020-12-24 15:33:34'),
(41, 'YGKaf58fa947c5579aec9102366', '47f20e468a740d22', 41, '0', '0', '', '2020-12-24', '11:03:22', '2020-12-24 15:33:34'),
(42, 'YGKaf58fa947c5579aec9102366', '47f20e468a740d22', 42, '0', '0', '', '2020-12-24', '11:03:22', '2020-12-24 15:33:34'),
(43, 'YGKaf58fa947c5579aec9102366', '47f20e468a740d22', 43, '0', '0', '', '2020-12-24', '11:03:22', '2020-12-24 15:33:34'),
(44, 'YGKaf58fa947c5579aec9102366', '47f20e468a740d22', 44, '0', '0', '', '2020-12-24', '11:03:22', '2020-12-24 15:33:34'),
(45, 'YGKaf58fa947c5579aec9102366', '47f20e468a740d22', 45, '0', '0', '', '2020-12-24', '11:03:22', '2020-12-24 15:33:34'),
(46, 'YGKaf58fa947c5579aec9102366', '47f20e468a740d22', 46, '0', '0', '', '2020-12-24', '11:03:22', '2020-12-24 15:33:34'),
(47, 'YGKaf58fa947c5579aec9102366', '47f20e468a740d22', 47, '0', '0', '', '2020-12-24', '11:03:22', '2020-12-24 15:33:34'),
(48, 'YGKaf58fa947c5579aec9102366', '47f20e468a740d22', 48, '0', '0', '', '2020-12-24', '11:03:22', '2020-12-24 15:33:34'),
(49, 'YGKaf58fa947c5579aec9102366', '47f20e468a740d22', 49, '0', '0', '', '2020-12-24', '11:03:22', '2020-12-24 15:33:34'),
(50, 'YGKaf58fa947c5579aec9102366', '47f20e468a740d22', 50, '0', '0', '', '2020-12-24', '11:03:22', '2020-12-24 15:33:34'),
(51, 'YGKaf58fa947c5579aec9102366', '47f20e468a740d22', 51, '0', '0', '', '2020-12-24', '11:03:22', '2020-12-24 15:33:34'),
(52, 'YGKaf58fa947c5579aec9102366', '47f20e468a740d22', 52, '0', '0', '', '2020-12-24', '11:03:22', '2020-12-24 15:33:34'),
(53, 'YGKaf58fa947c5579aec9102366', '47f20e468a740d22', 53, '0', '0', '', '2020-12-24', '11:03:22', '2020-12-24 15:33:34'),
(54, 'YGKaf58fa947c5579aec9102366', '47f20e468a740d22', 54, '0', '0', '', '2020-12-24', '11:03:22', '2020-12-24 15:33:34'),
(55, 'YGKaf58fa947c5579aec9102366', '47f20e468a740d22', 55, '0', '0', '', '2020-12-24', '11:03:22', '2020-12-24 15:33:34'),
(56, 'YGKaf58fa947c5579aec9102366', '47f20e468a740d22', 56, '0', '0', '', '2020-12-24', '11:03:22', '2020-12-24 15:33:34'),
(57, 'YGKaf58fa947c5579aec9102366', '47f20e468a740d22', 57, '0', '0', '', '2020-12-24', '11:03:22', '2020-12-24 15:33:34'),
(58, 'YGKaf58fa947c5579aec9102366', '47f20e468a740d22', 58, '0', '0', '', '2020-12-24', '11:03:22', '2020-12-24 15:33:34'),
(59, 'YGKaf58fa947c5579aec9102366', '47f20e468a740d22', 59, '0', '0', '', '2020-12-24', '11:03:22', '2020-12-24 15:33:34'),
(60, 'YGKaf58fa947c5579aec9102366', '47f20e468a740d22', 60, '0', '0', '', '2020-12-24', '11:03:22', '2020-12-24 15:33:34'),
(61, 'YGKaf58fa947c5579aec9102366', '47f20e468a740d22', 61, '0', '0', '', '2020-12-24', '11:03:22', '2020-12-24 15:33:34'),
(62, 'YGKaf58fa947c5579aec9102366', '47f20e468a740d22', 62, '0', '0', '', '2020-12-24', '11:03:22', '2020-12-24 15:33:35'),
(63, 'YGKaf58fa947c5579aec9102366', '47f20e468a740d22', 63, '0', '0', '', '2020-12-24', '11:03:22', '2020-12-24 15:33:35'),
(64, 'YGKaf58fa947c5579aec9102366', '47f20e468a740d22', 64, '0', '0', '', '2020-12-24', '11:03:22', '2020-12-24 15:33:35'),
(65, 'YGKaf58fa947c5579aec9102366', '47f20e468a740d22', 65, '0', '0', '', '2020-12-24', '11:03:22', '2020-12-24 15:33:35'),
(66, 'YGKaf58fa947c5579aec9102366', '47f20e468a740d22', 66, '0', '0', '', '2020-12-24', '11:03:22', '2020-12-24 15:33:35'),
(67, 'YGKaf58fa947c5579aec9102366', '47f20e468a740d22', 67, '0', '0', '', '2020-12-24', '11:03:22', '2020-12-24 15:33:35'),
(68, 'YGKaf58fa947c5579aec9102366', '47f20e468a740d22', 68, '0', '0', '', '2020-12-24', '11:03:22', '2020-12-24 15:33:35'),
(69, 'YGKaf58fa947c5579aec9102366', '47f20e468a740d22', 69, '0', '0', '', '2020-12-24', '11:03:22', '2020-12-24 15:33:35'),
(70, 'YGKaf58fa947c5579aec9102366', '47f20e468a740d22', 70, '0', '0', '', '2020-12-24', '11:03:22', '2020-12-24 15:33:35'),
(71, 'YGKaf58fa947c5579aec9102366', '47f20e468a740d22', 71, '0', '0', '', '2020-12-24', '11:03:22', '2020-12-24 15:33:35'),
(72, 'YGKaf58fa947c5579aec9102366', '47f20e468a740d22', 72, '0', '0', '', '2020-12-24', '11:03:22', '2020-12-24 15:33:35'),
(73, 'YGKaf58fa947c5579aec9102366', '47f20e468a740d22', 73, '0', '0', '', '2020-12-24', '11:03:22', '2020-12-24 15:33:35'),
(74, 'YGKaf58fa947c5579aec9102366', '47f20e468a740d22', 74, '0', '0', '', '2020-12-24', '11:03:22', '2020-12-24 15:33:35'),
(75, 'YGKaf58fa947c5579aec9102366', '47f20e468a740d22', 75, '0', '0', '', '2020-12-24', '11:03:22', '2020-12-24 15:33:35'),
(76, 'YGKaf58fa947c5579aec9102366', '47f20e468a740d22', 76, '0', '0', '', '2020-12-24', '11:03:22', '2020-12-24 15:33:35'),
(77, 'YGKaf58fa947c5579aec9102366', '47f20e468a740d22', 77, '0', '0', '', '2020-12-24', '11:03:22', '2020-12-24 15:33:35'),
(78, 'YGKaf58fa947c5579aec9102366', '47f20e468a740d22', 78, '0', '0', '', '2020-12-24', '11:03:22', '2020-12-24 15:33:35'),
(79, 'YGKaf58fa947c5579aec9102366', '47f20e468a740d22', 79, '0', '0', '', '2020-12-24', '11:03:22', '2020-12-24 15:33:35'),
(80, 'YGKaf58fa947c5579aec9102366', '47f20e468a740d22', 80, '0', '0', '', '2020-12-24', '11:03:22', '2020-12-24 15:33:35'),
(81, 'YGKaf58fa947c5579aec9102366', '47f20e468a740d22', 81, '0', '0', '', '2020-12-24', '11:03:22', '2020-12-24 15:33:35'),
(82, 'YGKaf58fa947c5579aec9102366', '47f20e468a740d22', 82, '0', '0', '', '2020-12-24', '11:03:22', '2020-12-24 15:33:35'),
(83, 'YGKaf58fa947c5579aec9102366', '47f20e468a740d22', 83, '0', '0', '', '2020-12-24', '11:03:22', '2020-12-24 15:33:35'),
(84, 'YGKaf58fa947c5579aec9102366', '47f20e468a740d22', 84, '0', '0', '', '2020-12-24', '11:03:22', '2020-12-24 15:33:35'),
(85, 'YGKaf58fa947c5579aec9102366', '47f20e468a740d22', 85, '0', '0', '', '2020-12-24', '11:03:22', '2020-12-24 15:33:35'),
(86, 'YGKaf58fa947c5579aec9102366', '47f20e468a740d22', 86, '0', '0', '', '2020-12-24', '11:03:22', '2020-12-24 15:33:35'),
(87, 'YGKaf58fa947c5579aec9102366', '47f20e468a740d22', 87, '0', '0', '', '2020-12-24', '11:03:22', '2020-12-24 15:33:35'),
(88, 'YGKaf58fa947c5579aec9102366', '47f20e468a740d22', 88, '0', '0', '', '2020-12-24', '11:03:22', '2020-12-24 15:33:35'),
(89, 'YGKaf58fa947c5579aec9102366', '47f20e468a740d22', 89, '0', '0', '', '2020-12-24', '11:03:22', '2020-12-24 15:33:35'),
(90, 'YGKaf58fa947c5579aec9102366', '47f20e468a740d22', 90, '0', '0', '', '2020-12-24', '11:03:22', '2020-12-24 15:33:35'),
(91, 'YGKaf58fa947c5579aec9102366', '47f20e468a740d22', 91, '0', '0', '', '2020-12-24', '11:03:22', '2020-12-24 15:33:35'),
(92, 'YGKac3d17535b4ff220252572e1', '12105f1b5e4b151a', 1, '0', '0', '1', '2020-12-24', '11:08:11', '2020-12-24 15:38:20'),
(93, 'YGKac3d17535b4ff220252572e1', '12105f1b5e4b151a', 2, '0', '0', '2', '2020-12-24', '11:08:11', '2020-12-24 15:38:20'),
(94, 'YGKac3d17535b4ff220252572e1', '12105f1b5e4b151a', 3, '0', '0', '3', '2020-12-24', '11:08:11', '2020-12-24 15:38:20'),
(95, 'YGKac3d17535b4ff220252572e1', '12105f1b5e4b151a', 4, '0', '0', '4', '2020-12-24', '11:08:11', '2020-12-24 15:38:21'),
(96, 'YGKac3d17535b4ff220252572e1', '12105f1b5e4b151a', 5, '0', '0', '5', '2020-12-24', '11:08:11', '2020-12-24 15:38:21'),
(97, 'YGKac3d17535b4ff220252572e1', '12105f1b5e4b151a', 6, '0', '0', '6', '2020-12-24', '11:08:11', '2020-12-24 15:38:21'),
(98, 'YGKac3d17535b4ff220252572e1', '12105f1b5e4b151a', 7, '0', '0', '7', '2020-12-24', '11:08:11', '2020-12-24 15:38:21'),
(99, 'YGKac3d17535b4ff220252572e1', '12105f1b5e4b151a', 8, '0', '0', '8', '2020-12-24', '11:08:11', '2020-12-24 15:38:21'),
(100, 'YGKac3d17535b4ff220252572e1', '12105f1b5e4b151a', 9, '0', '0', '9', '2020-12-24', '11:08:11', '2020-12-24 15:38:21'),
(101, 'YGKac3d17535b4ff220252572e1', '12105f1b5e4b151a', 10, '0', '0', '02', '2020-12-24', '11:08:11', '2020-12-24 15:38:21'),
(102, 'YGKac3d17535b4ff220252572e1', '12105f1b5e4b151a', 11, '0', '0', '', '2020-12-24', '11:08:11', '2020-12-24 15:38:21'),
(103, 'YGKac3d17535b4ff220252572e1', '12105f1b5e4b151a', 12, '0', '0', '', '2020-12-24', '11:08:11', '2020-12-24 15:38:21'),
(104, 'YGKac3d17535b4ff220252572e1', '12105f1b5e4b151a', 13, '0', '0', '', '2020-12-24', '11:08:11', '2020-12-24 15:38:21'),
(105, 'YGKac3d17535b4ff220252572e1', '12105f1b5e4b151a', 14, '0', '0', '', '2020-12-24', '11:08:11', '2020-12-24 15:38:21'),
(106, 'YGKac3d17535b4ff220252572e1', '12105f1b5e4b151a', 15, '0', '0', '', '2020-12-24', '11:08:11', '2020-12-24 15:38:21'),
(107, 'YGKac3d17535b4ff220252572e1', '12105f1b5e4b151a', 16, '0', '0', '', '2020-12-24', '11:08:11', '2020-12-24 15:38:21'),
(108, 'YGKac3d17535b4ff220252572e1', '12105f1b5e4b151a', 17, '0', '0', '', '2020-12-24', '11:08:11', '2020-12-24 15:38:21'),
(109, 'YGKac3d17535b4ff220252572e1', '12105f1b5e4b151a', 18, '0', '0', '', '2020-12-24', '11:08:11', '2020-12-24 15:38:21'),
(110, 'YGKac3d17535b4ff220252572e1', '12105f1b5e4b151a', 19, '0', '0', '', '2020-12-24', '11:08:11', '2020-12-24 15:38:21'),
(111, 'YGKac3d17535b4ff220252572e1', '12105f1b5e4b151a', 20, '0', '0', '', '2020-12-24', '11:08:11', '2020-12-24 15:38:21'),
(112, 'YGKac3d17535b4ff220252572e1', '12105f1b5e4b151a', 21, '0', '0', '', '2020-12-24', '11:08:11', '2020-12-24 15:38:21'),
(113, 'YGKac3d17535b4ff220252572e1', '12105f1b5e4b151a', 22, '0', '0', '', '2020-12-24', '11:08:11', '2020-12-24 15:38:21'),
(114, 'YGKac3d17535b4ff220252572e1', '12105f1b5e4b151a', 23, '0', '0', '', '2020-12-24', '11:08:11', '2020-12-24 15:38:21'),
(115, 'YGKac3d17535b4ff220252572e1', '12105f1b5e4b151a', 24, '0', '0', '', '2020-12-24', '11:08:11', '2020-12-24 15:38:21'),
(116, 'YGKac3d17535b4ff220252572e1', '12105f1b5e4b151a', 25, '0', '0', '', '2020-12-24', '11:08:11', '2020-12-24 15:38:21'),
(117, 'YGKac3d17535b4ff220252572e1', '12105f1b5e4b151a', 26, '0', '0', '', '2020-12-24', '11:08:11', '2020-12-24 15:38:22'),
(118, 'YGKac3d17535b4ff220252572e1', '12105f1b5e4b151a', 27, '0', '0', '', '2020-12-24', '11:08:11', '2020-12-24 15:38:22'),
(119, 'YGKac3d17535b4ff220252572e1', '12105f1b5e4b151a', 28, '0', '0', '', '2020-12-24', '11:08:11', '2020-12-24 15:38:22'),
(120, 'YGKac3d17535b4ff220252572e1', '12105f1b5e4b151a', 29, '0', '0', '', '2020-12-24', '11:08:11', '2020-12-24 15:38:22'),
(121, 'YGKac3d17535b4ff220252572e1', '12105f1b5e4b151a', 30, '0', '0', '', '2020-12-24', '11:08:11', '2020-12-24 15:38:22'),
(122, 'YGKac3d17535b4ff220252572e1', '12105f1b5e4b151a', 31, '0', '0', '', '2020-12-24', '11:08:11', '2020-12-24 15:38:22'),
(123, 'YGKac3d17535b4ff220252572e1', '12105f1b5e4b151a', 32, '0', '0', '', '2020-12-24', '11:08:11', '2020-12-24 15:38:22'),
(124, 'YGKac3d17535b4ff220252572e1', '12105f1b5e4b151a', 33, '0', '0', '', '2020-12-24', '11:08:11', '2020-12-24 15:38:22'),
(125, 'YGKac3d17535b4ff220252572e1', '12105f1b5e4b151a', 34, '0', '0', '', '2020-12-24', '11:08:11', '2020-12-24 15:38:22'),
(126, 'YGKac3d17535b4ff220252572e1', '12105f1b5e4b151a', 35, '0', '0', '', '2020-12-24', '11:08:11', '2020-12-24 15:38:22'),
(127, 'YGKac3d17535b4ff220252572e1', '12105f1b5e4b151a', 36, '0', '0', '', '2020-12-24', '11:08:11', '2020-12-24 15:38:22'),
(128, 'YGKac3d17535b4ff220252572e1', '12105f1b5e4b151a', 37, '0', '0', '', '2020-12-24', '11:08:11', '2020-12-24 15:38:22'),
(129, 'YGKac3d17535b4ff220252572e1', '12105f1b5e4b151a', 38, '0', '0', '', '2020-12-24', '11:08:11', '2020-12-24 15:38:22'),
(130, 'YGKac3d17535b4ff220252572e1', '12105f1b5e4b151a', 39, '0', '0', '', '2020-12-24', '11:08:11', '2020-12-24 15:38:22'),
(131, 'YGKac3d17535b4ff220252572e1', '12105f1b5e4b151a', 40, '0', '0', '', '2020-12-24', '11:08:11', '2020-12-24 15:38:22'),
(132, 'YGKac3d17535b4ff220252572e1', '12105f1b5e4b151a', 41, '0', '0', '', '2020-12-24', '11:08:11', '2020-12-24 15:38:22'),
(133, 'YGKac3d17535b4ff220252572e1', '12105f1b5e4b151a', 42, '0', '0', '', '2020-12-24', '11:08:11', '2020-12-24 15:38:22'),
(134, 'YGKac3d17535b4ff220252572e1', '12105f1b5e4b151a', 43, '0', '0', '', '2020-12-24', '11:08:11', '2020-12-24 15:38:22'),
(135, 'YGKac3d17535b4ff220252572e1', '12105f1b5e4b151a', 44, '0', '0', '', '2020-12-24', '11:08:11', '2020-12-24 15:38:22'),
(136, 'YGKac3d17535b4ff220252572e1', '12105f1b5e4b151a', 45, '0', '0', '', '2020-12-24', '11:08:11', '2020-12-24 15:38:22'),
(137, 'YGKac3d17535b4ff220252572e1', '12105f1b5e4b151a', 46, '0', '0', '', '2020-12-24', '11:08:11', '2020-12-24 15:38:22'),
(138, 'YGKac3d17535b4ff220252572e1', '12105f1b5e4b151a', 47, '0', '0', '', '2020-12-24', '11:08:11', '2020-12-24 15:38:22'),
(139, 'YGKac3d17535b4ff220252572e1', '12105f1b5e4b151a', 48, '0', '0', '', '2020-12-24', '11:08:11', '2020-12-24 15:38:22'),
(140, 'YGKac3d17535b4ff220252572e1', '12105f1b5e4b151a', 49, '0', '0', '', '2020-12-24', '11:08:11', '2020-12-24 15:38:22'),
(141, 'YGKac3d17535b4ff220252572e1', '12105f1b5e4b151a', 50, '0', '0', '', '2020-12-24', '11:08:11', '2020-12-24 15:38:22'),
(142, 'YGKac3d17535b4ff220252572e1', '12105f1b5e4b151a', 51, '0', '0', '', '2020-12-24', '11:08:11', '2020-12-24 15:38:22'),
(143, 'YGKac3d17535b4ff220252572e1', '12105f1b5e4b151a', 52, '0', '0', '', '2020-12-24', '11:08:11', '2020-12-24 15:38:22'),
(144, 'YGKac3d17535b4ff220252572e1', '12105f1b5e4b151a', 53, '0', '0', '', '2020-12-24', '11:08:11', '2020-12-24 15:38:22'),
(145, 'YGKac3d17535b4ff220252572e1', '12105f1b5e4b151a', 54, '0', '0', '', '2020-12-24', '11:08:11', '2020-12-24 15:38:22'),
(146, 'YGKac3d17535b4ff220252572e1', '12105f1b5e4b151a', 55, '0', '0', '', '2020-12-24', '11:08:11', '2020-12-24 15:38:22'),
(147, 'YGKac3d17535b4ff220252572e1', '12105f1b5e4b151a', 56, '0', '0', '', '2020-12-24', '11:08:11', '2020-12-24 15:38:22'),
(148, 'YGKac3d17535b4ff220252572e1', '12105f1b5e4b151a', 57, '0', '0', '', '2020-12-24', '11:08:11', '2020-12-24 15:38:22'),
(149, 'YGKac3d17535b4ff220252572e1', '12105f1b5e4b151a', 58, '0', '0', '', '2020-12-24', '11:08:11', '2020-12-24 15:38:22'),
(150, 'YGKac3d17535b4ff220252572e1', '12105f1b5e4b151a', 59, '0', '0', '', '2020-12-24', '11:08:11', '2020-12-24 15:38:23'),
(151, 'YGKac3d17535b4ff220252572e1', '12105f1b5e4b151a', 60, '0', '0', '', '2020-12-24', '11:08:11', '2020-12-24 15:38:23'),
(152, 'YGKac3d17535b4ff220252572e1', '12105f1b5e4b151a', 61, '0', '0', '', '2020-12-24', '11:08:11', '2020-12-24 15:38:23'),
(153, 'YGKac3d17535b4ff220252572e1', '12105f1b5e4b151a', 62, '0', '0', '', '2020-12-24', '11:08:11', '2020-12-24 15:38:23'),
(154, 'YGKac3d17535b4ff220252572e1', '12105f1b5e4b151a', 63, '0', '0', '', '2020-12-24', '11:08:11', '2020-12-24 15:38:23'),
(155, 'YGKac3d17535b4ff220252572e1', '12105f1b5e4b151a', 64, '0', '0', '', '2020-12-24', '11:08:11', '2020-12-24 15:38:23'),
(156, 'YGKac3d17535b4ff220252572e1', '12105f1b5e4b151a', 65, '0', '0', '', '2020-12-24', '11:08:11', '2020-12-24 15:38:23'),
(157, 'YGKac3d17535b4ff220252572e1', '12105f1b5e4b151a', 66, '0', '0', '', '2020-12-24', '11:08:11', '2020-12-24 15:38:23'),
(158, 'YGKac3d17535b4ff220252572e1', '12105f1b5e4b151a', 67, '0', '0', '', '2020-12-24', '11:08:11', '2020-12-24 15:38:23'),
(159, 'YGKac3d17535b4ff220252572e1', '12105f1b5e4b151a', 68, '0', '0', '', '2020-12-24', '11:08:11', '2020-12-24 15:38:23'),
(160, 'YGKac3d17535b4ff220252572e1', '12105f1b5e4b151a', 69, '0', '0', '', '2020-12-24', '11:08:11', '2020-12-24 15:38:23'),
(161, 'YGKac3d17535b4ff220252572e1', '12105f1b5e4b151a', 70, '0', '0', '', '2020-12-24', '11:08:11', '2020-12-24 15:38:23'),
(162, 'YGKac3d17535b4ff220252572e1', '12105f1b5e4b151a', 71, '0', '0', '', '2020-12-24', '11:08:11', '2020-12-24 15:38:23'),
(163, 'YGKac3d17535b4ff220252572e1', '12105f1b5e4b151a', 72, '0', '0', '', '2020-12-24', '11:08:11', '2020-12-24 15:38:23'),
(164, 'YGKac3d17535b4ff220252572e1', '12105f1b5e4b151a', 73, '0', '0', '', '2020-12-24', '11:08:11', '2020-12-24 15:38:23'),
(165, 'YGKac3d17535b4ff220252572e1', '12105f1b5e4b151a', 74, '0', '0', '', '2020-12-24', '11:08:11', '2020-12-24 15:38:23'),
(166, 'YGKac3d17535b4ff220252572e1', '12105f1b5e4b151a', 75, '0', '0', '', '2020-12-24', '11:08:11', '2020-12-24 15:38:23'),
(167, 'YGKac3d17535b4ff220252572e1', '12105f1b5e4b151a', 76, '0', '0', '', '2020-12-24', '11:08:11', '2020-12-24 15:38:23'),
(168, 'YGKac3d17535b4ff220252572e1', '12105f1b5e4b151a', 77, '0', '0', '', '2020-12-24', '11:08:11', '2020-12-24 15:38:23'),
(169, 'YGKac3d17535b4ff220252572e1', '12105f1b5e4b151a', 78, '0', '0', '', '2020-12-24', '11:08:11', '2020-12-24 15:38:23'),
(170, 'YGKac3d17535b4ff220252572e1', '12105f1b5e4b151a', 79, '0', '0', '', '2020-12-24', '11:08:11', '2020-12-24 15:38:23'),
(171, 'YGKac3d17535b4ff220252572e1', '12105f1b5e4b151a', 80, '0', '0', '', '2020-12-24', '11:08:11', '2020-12-24 15:38:23'),
(172, 'YGKac3d17535b4ff220252572e1', '12105f1b5e4b151a', 81, '0', '0', '', '2020-12-24', '11:08:11', '2020-12-24 15:38:23'),
(173, 'YGKac3d17535b4ff220252572e1', '12105f1b5e4b151a', 82, '0', '0', '', '2020-12-24', '11:08:11', '2020-12-24 15:38:23'),
(174, 'YGKac3d17535b4ff220252572e1', '12105f1b5e4b151a', 83, '0', '0', '', '2020-12-24', '11:08:11', '2020-12-24 15:38:23'),
(175, 'YGKac3d17535b4ff220252572e1', '12105f1b5e4b151a', 84, '0', '0', '', '2020-12-24', '11:08:11', '2020-12-24 15:38:23'),
(176, 'YGKac3d17535b4ff220252572e1', '12105f1b5e4b151a', 85, '0', '0', '', '2020-12-24', '11:08:11', '2020-12-24 15:38:23'),
(177, 'YGKac3d17535b4ff220252572e1', '12105f1b5e4b151a', 86, '0', '0', '', '2020-12-24', '11:08:11', '2020-12-24 15:38:23'),
(178, 'YGKac3d17535b4ff220252572e1', '12105f1b5e4b151a', 87, '0', '0', '', '2020-12-24', '11:08:11', '2020-12-24 15:38:23'),
(179, 'YGKac3d17535b4ff220252572e1', '12105f1b5e4b151a', 88, '0', '0', '', '2020-12-24', '11:08:11', '2020-12-24 15:38:23'),
(180, 'YGKac3d17535b4ff220252572e1', '12105f1b5e4b151a', 89, '0', '0', '', '2020-12-24', '11:08:11', '2020-12-24 15:38:23'),
(181, 'YGKac3d17535b4ff220252572e1', '12105f1b5e4b151a', 90, '0', '0', '', '2020-12-24', '11:08:11', '2020-12-24 15:38:23'),
(182, 'YGKac3d17535b4ff220252572e1', '12105f1b5e4b151a', 91, '0', '0', '', '2020-12-24', '11:08:11', '2020-12-24 15:38:23'),
(183, 'YGKd5603373bfcca97581d7950a', '9eb75501aa5a6bfb', 1, '0', '0', '1', '2020-12-24', '11:09:20', '2020-12-24 15:39:37'),
(184, 'YGKd5603373bfcca97581d7950a', '9eb75501aa5a6bfb', 2, '0', '0', '2', '2020-12-24', '11:09:20', '2020-12-24 15:39:37'),
(185, 'YGKd5603373bfcca97581d7950a', '9eb75501aa5a6bfb', 3, '0', '0', '3', '2020-12-24', '11:09:20', '2020-12-24 15:39:37'),
(186, 'YGKd5603373bfcca97581d7950a', '9eb75501aa5a6bfb', 4, '0', '0', '4', '2020-12-24', '11:09:20', '2020-12-24 15:39:37'),
(187, 'YGKd5603373bfcca97581d7950a', '9eb75501aa5a6bfb', 5, '0', '0', '5', '2020-12-24', '11:09:20', '2020-12-24 15:39:37'),
(188, 'YGKd5603373bfcca97581d7950a', '9eb75501aa5a6bfb', 6, '0', '0', '6', '2020-12-24', '11:09:20', '2020-12-24 15:39:37'),
(189, 'YGKd5603373bfcca97581d7950a', '9eb75501aa5a6bfb', 7, '0', '0', '7', '2020-12-24', '11:09:20', '2020-12-24 15:39:37'),
(190, 'YGKd5603373bfcca97581d7950a', '9eb75501aa5a6bfb', 8, '0', '0', '8', '2020-12-24', '11:09:20', '2020-12-24 15:39:37'),
(191, 'YGKd5603373bfcca97581d7950a', '9eb75501aa5a6bfb', 9, '0', '0', '9', '2020-12-24', '11:09:20', '2020-12-24 15:39:37'),
(192, 'YGKd5603373bfcca97581d7950a', '9eb75501aa5a6bfb', 10, '0', '0', '02', '2020-12-24', '11:09:20', '2020-12-24 15:39:37'),
(193, 'YGKd5603373bfcca97581d7950a', '9eb75501aa5a6bfb', 11, '0', '0', '', '2020-12-24', '11:09:20', '2020-12-24 15:39:37'),
(194, 'YGKd5603373bfcca97581d7950a', '9eb75501aa5a6bfb', 12, '0', '0', '', '2020-12-24', '11:09:20', '2020-12-24 15:39:37'),
(195, 'YGKd5603373bfcca97581d7950a', '9eb75501aa5a6bfb', 13, '0', '0', '', '2020-12-24', '11:09:20', '2020-12-24 15:39:38'),
(196, 'YGKd5603373bfcca97581d7950a', '9eb75501aa5a6bfb', 14, '0', '0', '', '2020-12-24', '11:09:20', '2020-12-24 15:39:38'),
(197, 'YGKd5603373bfcca97581d7950a', '9eb75501aa5a6bfb', 15, '0', '0', '', '2020-12-24', '11:09:20', '2020-12-24 15:39:38'),
(198, 'YGKd5603373bfcca97581d7950a', '9eb75501aa5a6bfb', 16, '0', '0', '', '2020-12-24', '11:09:20', '2020-12-24 15:39:38'),
(199, 'YGKd5603373bfcca97581d7950a', '9eb75501aa5a6bfb', 17, '0', '0', '', '2020-12-24', '11:09:20', '2020-12-24 15:39:38'),
(200, 'YGKd5603373bfcca97581d7950a', '9eb75501aa5a6bfb', 18, '0', '0', '', '2020-12-24', '11:09:20', '2020-12-24 15:39:38'),
(201, 'YGKd5603373bfcca97581d7950a', '9eb75501aa5a6bfb', 19, '0', '0', '', '2020-12-24', '11:09:20', '2020-12-24 15:39:38'),
(202, 'YGKd5603373bfcca97581d7950a', '9eb75501aa5a6bfb', 20, '0', '0', '', '2020-12-24', '11:09:20', '2020-12-24 15:39:38'),
(203, 'YGKd5603373bfcca97581d7950a', '9eb75501aa5a6bfb', 21, '0', '0', '', '2020-12-24', '11:09:20', '2020-12-24 15:39:38'),
(204, 'YGKd5603373bfcca97581d7950a', '9eb75501aa5a6bfb', 22, '0', '0', '', '2020-12-24', '11:09:20', '2020-12-24 15:39:38'),
(205, 'YGKd5603373bfcca97581d7950a', '9eb75501aa5a6bfb', 23, '0', '0', '', '2020-12-24', '11:09:20', '2020-12-24 15:39:38'),
(206, 'YGKd5603373bfcca97581d7950a', '9eb75501aa5a6bfb', 24, '0', '0', '', '2020-12-24', '11:09:20', '2020-12-24 15:39:38'),
(207, 'YGKd5603373bfcca97581d7950a', '9eb75501aa5a6bfb', 25, '0', '0', '', '2020-12-24', '11:09:20', '2020-12-24 15:39:38'),
(208, 'YGKd5603373bfcca97581d7950a', '9eb75501aa5a6bfb', 26, '0', '0', '', '2020-12-24', '11:09:20', '2020-12-24 15:39:38'),
(209, 'YGKd5603373bfcca97581d7950a', '9eb75501aa5a6bfb', 27, '0', '0', '', '2020-12-24', '11:09:20', '2020-12-24 15:39:38'),
(210, 'YGKd5603373bfcca97581d7950a', '9eb75501aa5a6bfb', 28, '0', '0', '', '2020-12-24', '11:09:20', '2020-12-24 15:39:38'),
(211, 'YGKd5603373bfcca97581d7950a', '9eb75501aa5a6bfb', 29, '0', '0', '', '2020-12-24', '11:09:20', '2020-12-24 15:39:38'),
(212, 'YGKd5603373bfcca97581d7950a', '9eb75501aa5a6bfb', 30, '0', '0', '', '2020-12-24', '11:09:20', '2020-12-24 15:39:38'),
(213, 'YGKd5603373bfcca97581d7950a', '9eb75501aa5a6bfb', 31, '0', '0', '', '2020-12-24', '11:09:20', '2020-12-24 15:39:38'),
(214, 'YGKd5603373bfcca97581d7950a', '9eb75501aa5a6bfb', 32, '0', '0', '', '2020-12-24', '11:09:20', '2020-12-24 15:39:38'),
(215, 'YGKd5603373bfcca97581d7950a', '9eb75501aa5a6bfb', 33, '0', '0', '', '2020-12-24', '11:09:20', '2020-12-24 15:39:38'),
(216, 'YGKd5603373bfcca97581d7950a', '9eb75501aa5a6bfb', 34, '0', '0', '', '2020-12-24', '11:09:20', '2020-12-24 15:39:38'),
(217, 'YGKd5603373bfcca97581d7950a', '9eb75501aa5a6bfb', 35, '0', '0', '', '2020-12-24', '11:09:20', '2020-12-24 15:39:38'),
(218, 'YGKd5603373bfcca97581d7950a', '9eb75501aa5a6bfb', 36, '0', '0', '', '2020-12-24', '11:09:20', '2020-12-24 15:39:38'),
(219, 'YGKd5603373bfcca97581d7950a', '9eb75501aa5a6bfb', 37, '0', '0', '', '2020-12-24', '11:09:20', '2020-12-24 15:39:38'),
(220, 'YGKd5603373bfcca97581d7950a', '9eb75501aa5a6bfb', 38, '0', '0', '', '2020-12-24', '11:09:20', '2020-12-24 15:39:38'),
(221, 'YGKd5603373bfcca97581d7950a', '9eb75501aa5a6bfb', 39, '0', '0', '', '2020-12-24', '11:09:20', '2020-12-24 15:39:38'),
(222, 'YGKd5603373bfcca97581d7950a', '9eb75501aa5a6bfb', 40, '0', '0', '', '2020-12-24', '11:09:20', '2020-12-24 15:39:38'),
(223, 'YGKd5603373bfcca97581d7950a', '9eb75501aa5a6bfb', 41, '0', '0', '', '2020-12-24', '11:09:20', '2020-12-24 15:39:38'),
(224, 'YGKd5603373bfcca97581d7950a', '9eb75501aa5a6bfb', 42, '0', '0', '', '2020-12-24', '11:09:20', '2020-12-24 15:39:38'),
(225, 'YGKd5603373bfcca97581d7950a', '9eb75501aa5a6bfb', 43, '0', '0', '', '2020-12-24', '11:09:20', '2020-12-24 15:39:38'),
(226, 'YGKd5603373bfcca97581d7950a', '9eb75501aa5a6bfb', 44, '0', '0', '', '2020-12-24', '11:09:20', '2020-12-24 15:39:38'),
(227, 'YGKd5603373bfcca97581d7950a', '9eb75501aa5a6bfb', 45, '0', '0', '', '2020-12-24', '11:09:20', '2020-12-24 15:39:38'),
(228, 'YGKd5603373bfcca97581d7950a', '9eb75501aa5a6bfb', 46, '0', '0', '', '2020-12-24', '11:09:20', '2020-12-24 15:39:38'),
(229, 'YGKd5603373bfcca97581d7950a', '9eb75501aa5a6bfb', 47, '0', '0', '', '2020-12-24', '11:09:20', '2020-12-24 15:39:39'),
(230, 'YGKd5603373bfcca97581d7950a', '9eb75501aa5a6bfb', 48, '0', '0', '', '2020-12-24', '11:09:20', '2020-12-24 15:39:39'),
(231, 'YGKd5603373bfcca97581d7950a', '9eb75501aa5a6bfb', 49, '0', '0', '', '2020-12-24', '11:09:20', '2020-12-24 15:39:39'),
(232, 'YGKd5603373bfcca97581d7950a', '9eb75501aa5a6bfb', 50, '0', '0', '', '2020-12-24', '11:09:20', '2020-12-24 15:39:39'),
(233, 'YGKd5603373bfcca97581d7950a', '9eb75501aa5a6bfb', 51, '0', '0', '', '2020-12-24', '11:09:20', '2020-12-24 15:39:39'),
(234, 'YGKd5603373bfcca97581d7950a', '9eb75501aa5a6bfb', 52, '0', '0', '', '2020-12-24', '11:09:20', '2020-12-24 15:39:39'),
(235, 'YGKd5603373bfcca97581d7950a', '9eb75501aa5a6bfb', 53, '0', '0', '', '2020-12-24', '11:09:20', '2020-12-24 15:39:39'),
(236, 'YGKd5603373bfcca97581d7950a', '9eb75501aa5a6bfb', 54, '0', '0', '', '2020-12-24', '11:09:20', '2020-12-24 15:39:39'),
(237, 'YGKd5603373bfcca97581d7950a', '9eb75501aa5a6bfb', 55, '0', '0', '', '2020-12-24', '11:09:20', '2020-12-24 15:39:39'),
(238, 'YGKd5603373bfcca97581d7950a', '9eb75501aa5a6bfb', 56, '0', '0', '', '2020-12-24', '11:09:20', '2020-12-24 15:39:39'),
(239, 'YGKd5603373bfcca97581d7950a', '9eb75501aa5a6bfb', 57, '0', '0', '', '2020-12-24', '11:09:20', '2020-12-24 15:39:39'),
(240, 'YGKd5603373bfcca97581d7950a', '9eb75501aa5a6bfb', 58, '0', '0', '', '2020-12-24', '11:09:20', '2020-12-24 15:39:39'),
(241, 'YGKd5603373bfcca97581d7950a', '9eb75501aa5a6bfb', 59, '0', '0', '', '2020-12-24', '11:09:20', '2020-12-24 15:39:39'),
(242, 'YGKd5603373bfcca97581d7950a', '9eb75501aa5a6bfb', 60, '0', '0', '', '2020-12-24', '11:09:20', '2020-12-24 15:39:39'),
(243, 'YGKd5603373bfcca97581d7950a', '9eb75501aa5a6bfb', 61, '0', '0', '', '2020-12-24', '11:09:20', '2020-12-24 15:39:39'),
(244, 'YGKd5603373bfcca97581d7950a', '9eb75501aa5a6bfb', 62, '0', '0', '', '2020-12-24', '11:09:20', '2020-12-24 15:39:39'),
(245, 'YGKd5603373bfcca97581d7950a', '9eb75501aa5a6bfb', 63, '0', '0', '', '2020-12-24', '11:09:20', '2020-12-24 15:39:39'),
(246, 'YGKd5603373bfcca97581d7950a', '9eb75501aa5a6bfb', 64, '0', '0', '', '2020-12-24', '11:09:20', '2020-12-24 15:39:39'),
(247, 'YGKd5603373bfcca97581d7950a', '9eb75501aa5a6bfb', 65, '0', '0', '', '2020-12-24', '11:09:20', '2020-12-24 15:39:39'),
(248, 'YGKd5603373bfcca97581d7950a', '9eb75501aa5a6bfb', 66, '0', '0', '', '2020-12-24', '11:09:20', '2020-12-24 15:39:39'),
(249, 'YGKd5603373bfcca97581d7950a', '9eb75501aa5a6bfb', 67, '0', '0', '', '2020-12-24', '11:09:20', '2020-12-24 15:39:39'),
(250, 'YGKd5603373bfcca97581d7950a', '9eb75501aa5a6bfb', 68, '0', '0', '', '2020-12-24', '11:09:20', '2020-12-24 15:39:39'),
(251, 'YGKd5603373bfcca97581d7950a', '9eb75501aa5a6bfb', 69, '0', '0', '', '2020-12-24', '11:09:20', '2020-12-24 15:39:39'),
(252, 'YGKd5603373bfcca97581d7950a', '9eb75501aa5a6bfb', 70, '0', '0', '', '2020-12-24', '11:09:20', '2020-12-24 15:39:39'),
(253, 'YGKd5603373bfcca97581d7950a', '9eb75501aa5a6bfb', 71, '0', '0', '', '2020-12-24', '11:09:20', '2020-12-24 15:39:39'),
(254, 'YGKd5603373bfcca97581d7950a', '9eb75501aa5a6bfb', 72, '0', '0', '', '2020-12-24', '11:09:20', '2020-12-24 15:39:39'),
(255, 'YGKd5603373bfcca97581d7950a', '9eb75501aa5a6bfb', 73, '0', '0', '', '2020-12-24', '11:09:20', '2020-12-24 15:39:40'),
(256, 'YGKd5603373bfcca97581d7950a', '9eb75501aa5a6bfb', 74, '0', '0', '', '2020-12-24', '11:09:20', '2020-12-24 15:39:40'),
(257, 'YGKd5603373bfcca97581d7950a', '9eb75501aa5a6bfb', 75, '0', '0', '', '2020-12-24', '11:09:20', '2020-12-24 15:39:40'),
(258, 'YGKd5603373bfcca97581d7950a', '9eb75501aa5a6bfb', 76, '0', '0', '', '2020-12-24', '11:09:20', '2020-12-24 15:39:40'),
(259, 'YGKd5603373bfcca97581d7950a', '9eb75501aa5a6bfb', 77, '0', '0', '', '2020-12-24', '11:09:20', '2020-12-24 15:39:40'),
(260, 'YGKd5603373bfcca97581d7950a', '9eb75501aa5a6bfb', 78, '0', '0', '', '2020-12-24', '11:09:20', '2020-12-24 15:39:40'),
(261, 'YGKd5603373bfcca97581d7950a', '9eb75501aa5a6bfb', 79, '0', '0', '', '2020-12-24', '11:09:20', '2020-12-24 15:39:40'),
(262, 'YGKd5603373bfcca97581d7950a', '9eb75501aa5a6bfb', 80, '0', '0', '', '2020-12-24', '11:09:20', '2020-12-24 15:39:40'),
(263, 'YGKd5603373bfcca97581d7950a', '9eb75501aa5a6bfb', 81, '0', '0', '', '2020-12-24', '11:09:20', '2020-12-24 15:39:40'),
(264, 'YGKd5603373bfcca97581d7950a', '9eb75501aa5a6bfb', 82, '0', '0', '', '2020-12-24', '11:09:20', '2020-12-24 15:39:40'),
(265, 'YGKd5603373bfcca97581d7950a', '9eb75501aa5a6bfb', 83, '0', '0', '', '2020-12-24', '11:09:20', '2020-12-24 15:39:40'),
(266, 'YGKd5603373bfcca97581d7950a', '9eb75501aa5a6bfb', 84, '0', '0', '', '2020-12-24', '11:09:20', '2020-12-24 15:39:40'),
(267, 'YGKd5603373bfcca97581d7950a', '9eb75501aa5a6bfb', 85, '0', '0', '', '2020-12-24', '11:09:20', '2020-12-24 15:39:40'),
(268, 'YGKd5603373bfcca97581d7950a', '9eb75501aa5a6bfb', 86, '0', '0', '', '2020-12-24', '11:09:20', '2020-12-24 15:39:40'),
(269, 'YGKd5603373bfcca97581d7950a', '9eb75501aa5a6bfb', 87, '0', '0', '', '2020-12-24', '11:09:20', '2020-12-24 15:39:40'),
(270, 'YGKd5603373bfcca97581d7950a', '9eb75501aa5a6bfb', 88, '0', '0', '', '2020-12-24', '11:09:20', '2020-12-24 15:39:40'),
(271, 'YGKd5603373bfcca97581d7950a', '9eb75501aa5a6bfb', 89, '0', '0', '', '2020-12-24', '11:09:20', '2020-12-24 15:39:40'),
(272, 'YGKd5603373bfcca97581d7950a', '9eb75501aa5a6bfb', 90, '0', '0', '', '2020-12-24', '11:09:20', '2020-12-24 15:39:40'),
(273, 'YGKd5603373bfcca97581d7950a', '9eb75501aa5a6bfb', 91, '0', '0', '', '2020-12-24', '11:09:20', '2020-12-24 15:39:40');

-- --------------------------------------------------------

--
-- Table structure for table `complex_dis_name_female`
--

CREATE TABLE `complex_dis_name_female` (
  `com_id` int(11) NOT NULL,
  `ComDisName` varchar(225) NOT NULL,
  `status` tinyint(1) NOT NULL DEFAULT 1,
  `Date` date NOT NULL,
  `time` time NOT NULL,
  `DateTime` datetime NOT NULL DEFAULT current_timestamp()
) ENGINE=InnoDB DEFAULT CHARSET=utf8mb4;

--
-- Dumping data for table `complex_dis_name_female`
--

INSERT INTO `complex_dis_name_female` (`com_id`, `ComDisName`, `status`, `Date`, `time`, `DateTime`) VALUES
(1, 'High blood pressure', 1, '2020-12-24', '13:01:04', '2020-12-24 13:02:22'),
(2, 'Asthma', 1, '2020-12-24', '13:01:04', '2020-12-24 13:02:22'),
(3, 'Obesity', 1, '2020-12-24', '13:02:50', '2020-12-24 13:04:11'),
(4, 'Coronary heart disease', 1, '2020-12-24', '13:02:50', '2020-12-24 13:04:11'),
(5, 'Rheumatoid Arthritis', 1, '2020-12-24', '13:04:46', '2020-12-24 13:05:18'),
(6, 'Gout', 1, '2020-12-24', '13:04:46', '2020-12-24 13:05:18'),
(7, 'Lung cancer', 1, '2020-12-24', '13:06:00', '2020-12-24 13:06:46'),
(8, 'Diabetes Mellitus, Type 1', 1, '2020-12-24', '13:06:00', '2020-12-24 13:06:46'),
(9, 'Amyotrophic lateral sclerosis', 1, '2020-12-24', '13:06:58', '2020-12-24 13:07:38'),
(10, 'Primary biliary cirrhosis (PBC) ', 1, '2020-12-24', '13:06:58', '2020-12-24 13:07:38'),
(11, 'Meningioma', 1, '2020-12-28', '10:27:43', '2020-12-28 10:28:30'),
(12, 'Peripheral arterial hypertension \r\ndisease', 1, '2020-12-28', '10:27:43', '2020-12-28 10:28:30'),
(13, 'Vitiligo', 1, '2020-12-28', '10:29:23', '2020-12-28 10:29:58'),
(14, 'Hyperuricemia', 1, '2020-12-28', '10:29:23', '2020-12-28 10:29:58'),
(15, 'Pulmonary Fibrosis', 1, '2020-12-28', '10:30:03', '2020-12-28 10:30:53'),
(16, 'Preeclampsia', 1, '2020-12-28', '10:30:03', '2020-12-28 10:30:53'),
(17, 'Non-alcoholic fatty liver disease  \r\n(NAFLD)', 1, '2020-12-28', '10:31:13', '2020-12-28 10:31:44'),
(18, '', 1, '2020-12-28', '10:31:13', '2020-12-28 10:31:44'),
(19, 'Endometriosis', 1, '2020-12-28', '10:31:53', '2020-12-28 10:32:20'),
(20, 'Essential tremor', 1, '2020-12-28', '10:31:53', '2020-12-28 10:32:20'),
(21, 'Intrahepatic cholestasis of  \r\npregnancy', 1, '2020-12-28', '10:32:32', '2020-12-28 10:33:26'),
(22, 'Diabetes Mellitus, Type 2', 1, '2020-12-28', '10:32:32', '2020-12-28 10:33:26'),
(23, 'Restless leg syndrome', 1, '2020-12-24', '10:33:43', '2020-12-28 10:34:15'),
(24, 'Heart attack', 1, '2020-12-28', '10:33:43', '2020-12-28 10:34:15'),
(25, 'Ankylosing spondylitis (AS)', 1, '2020-12-28', '10:34:30', '2020-12-28 10:35:03'),
(26, 'Schizophrenia', 1, '2020-12-28', '10:34:30', '2020-12-28 10:35:03'),
(27, 'Systemic lupus erythematosus  \r\n(SLE)', 1, '2020-12-28', '10:35:19', '2020-12-28 10:35:57'),
(28, 'Crohn’s disease', 1, '2020-12-28', '10:35:19', '2020-12-28 10:35:57'),
(29, 'Glioma', 1, '2020-12-28', '10:36:17', '2020-12-28 10:36:43'),
(30, 'Melanoma', 1, '2020-12-28', '10:36:17', '2020-12-28 10:36:43'),
(31, 'Bipolar disorder', 1, '2020-12-28', '10:36:49', '2020-12-28 10:37:42'),
(32, 'Macular degeneration, age-related\r\n', 1, '2020-12-28', '10:36:49', '2020-12-28 10:37:42'),
(33, 'Neuroblastoma', 1, '2020-12-28', '10:37:48', '2020-12-28 10:38:22'),
(34, 'Fuch\'s dystrophy', 1, '2020-12-28', '10:37:48', '2020-12-28 10:38:22'),
(35, 'Multiple sclerosis', 1, '2020-12-28', '10:38:31', '2020-12-28 10:39:02'),
(36, 'Thyroid cancer', 1, '2020-12-28', '10:38:31', '2020-12-28 10:39:02'),
(37, 'Cerebrovascular Accident', 1, '2020-12-28', '10:39:10', '2020-12-28 10:39:46'),
(38, 'Gestational diabetes', 1, '2020-12-28', '10:39:10', '2020-12-28 10:39:46'),
(39, 'Myelofibrosis(Myeloproliferative NeoplasmsMPNs)', 1, '2020-12-28', '10:40:03', '2020-12-28 10:41:17'),
(40, 'Periodontitis', 1, '2020-12-28', '10:40:03', '2020-12-28 10:41:17'),
(41, 'Dyslexia', 1, '2020-12-28', '10:41:23', '2020-12-28 10:41:52'),
(42, 'Atrial fibrillation', 1, '2020-12-28', '10:41:23', '2020-12-28 10:41:52'),
(43, 'Sjögren syndrome', 1, '2020-12-28', '10:42:01', '2020-12-28 10:42:33'),
(44, 'Allergic Asthma', 1, '2020-12-28', '10:42:01', '2020-12-28 10:42:33'),
(45, 'Autism', 1, '2020-12-28', '10:42:37', '2020-12-28 10:43:12'),
(46, 'Celiac disease', 1, '2020-12-28', '10:42:37', '2020-12-28 10:43:12'),
(47, 'Esophageal Cancer', 1, '2020-12-28', '10:43:24', '2020-12-28 10:43:52'),
(48, 'Exfoliative glaucoma', 1, '2020-12-28', '10:43:24', '2020-12-28 10:43:52'),
(49, 'Primary open-angle glaucoma', 1, '2020-12-28', '10:43:57', '2020-12-28 10:44:20'),
(50, 'Sudden cardiac arrest ', 1, '2020-12-28', '10:43:57', '2020-12-28 10:44:20'),
(51, 'Hypertriglyceridemia', 1, '2020-12-28', '10:44:39', '2020-12-28 10:45:07'),
(52, 'Chronic kidney disease', 1, '2020-12-28', '10:44:39', '2020-12-28 10:45:07'),
(53, 'Selective deficiency of IgA ', 1, '2020-12-28', '10:45:20', '2020-12-28 10:45:49'),
(54, 'Herniated Disc', 1, '2020-12-28', '10:45:20', '2020-12-28 10:45:49'),
(55, 'Eosinophilic esophagitis (EoE)', 1, '2020-12-28', '10:45:59', '2020-12-28 10:46:24'),
(56, 'Limited cutaneous scleroderma', 1, '2020-12-28', '10:45:59', '2020-12-28 10:46:24'),
(57, 'Oral & Pharynx Cancer (Throat cancer)', 1, '2020-12-28', '10:46:33', '2020-12-28 10:47:26'),
(58, 'Idiopathic membranous \r\nnephropathy', 1, '2020-12-28', '10:46:33', '2020-12-28 10:47:26'),
(59, 'Multiple myeloma', 1, '2020-12-28', '10:47:33', '2020-12-28 10:48:19'),
(60, 'Intracranial aneurysm', 1, '2020-12-28', '10:47:33', '2020-12-28 10:48:19'),
(61, 'Colorectal cancer', 1, '2020-12-28', '10:48:28', '2020-12-28 10:48:54'),
(62, 'Epithelial ovarian cancer', 1, '2020-12-28', '10:48:28', '2020-12-28 10:48:54'),
(63, 'Parkinson’s disease', 1, '2020-12-28', '10:49:13', '2020-12-28 10:49:53'),
(64, 'Psoriasis ', 1, '2020-12-28', '10:49:13', '2020-12-28 10:49:53'),
(65, 'Bladder cancer \r\n', 1, '2020-12-28', '10:50:18', '2020-12-28 10:50:52'),
(66, 'Osteoarthritis of the knee', 1, '2020-12-28', '10:50:18', '2020-12-28 10:50:52'),
(67, 'Osteoporosis', 1, '2020-12-28', '10:51:00', '2020-12-28 10:51:32'),
(68, 'Migraine', 1, '2020-12-28', '10:51:00', '2020-12-28 10:51:32'),
(69, 'Depression', 1, '2020-12-28', '10:51:47', '2020-12-28 10:52:12'),
(70, 'Cataracts', 1, '2020-12-28', '10:51:47', '2020-12-28 10:52:12'),
(71, 'Hypothyroidism', 1, '2020-12-28', '10:52:16', '2020-12-28 10:52:50'),
(72, 'Grave\'s disease', 1, '2020-12-28', '10:52:16', '2020-12-28 10:52:50'),
(73, 'Ulcerative colitis', 1, '2020-12-28', '10:52:55', '2020-12-28 10:53:55'),
(74, 'Craniofacial anomalies (CFA).Cleft lip and/or cleft palate', 1, '2020-12-28', '10:52:55', '2020-12-28 10:53:55'),
(75, 'Narcolepsy', 1, '2020-12-28', '10:54:03', '2020-12-28 10:54:30'),
(76, 'Non-Hodgkin’s lymphoma', 1, '2020-12-28', '10:54:03', '2020-12-28 10:54:30'),
(77, 'Basal cell carcinoma', 1, '2020-12-28', '10:54:39', '2020-12-28 10:55:10'),
(78, 'Deep vein thrombosis', 1, '2020-12-28', '10:54:39', '2020-12-28 10:55:10'),
(79, 'Pancreatic cancer', 1, '2020-12-28', '10:55:31', '2020-12-28 10:56:14'),
(80, 'Chronic lymphocytic leukemia  \r\n', 1, '2020-12-28', '10:55:31', '2020-12-28 10:56:14'),
(81, 'Biliary calculus or gallstones', 1, '2020-12-28', '10:56:21', '2020-12-28 10:56:51'),
(82, 'Atopic Asthma', 1, '2020-12-28', '10:56:21', '2020-12-28 10:56:51'),
(83, 'Seasonal affective disorder', 1, '2020-12-28', '11:00:00', '2020-12-28 10:57:21'),
(84, 'Anorexia nervosa', 1, '2020-12-28', '10:56:57', '2020-12-28 10:57:21'),
(85, 'Cluster headache', 1, '2020-12-28', '10:58:41', '2020-12-28 10:59:44'),
(86, 'Endometrial cancer', 1, '2020-12-28', '10:58:41', '2020-12-28 10:59:44'),
(87, 'Myasthenia gravis', 1, '2020-12-28', '10:59:49', '2020-12-28 11:00:18'),
(88, 'Sarcoidosis', 1, '2020-12-28', '10:59:49', '2020-12-28 11:00:18'),
(89, 'Aperger’s syndrome', 1, '2020-12-28', '11:00:21', '2020-12-28 11:00:44'),
(90, 'Progressive supranuclear palsy', 1, '2020-12-28', '11:02:00', '2020-12-28 11:00:44'),
(91, 'Stomach cancer', 1, '2020-12-28', '11:01:34', '2020-12-28 11:02:04'),
(92, 'Abdominal Aortic Aneurysm ', 1, '2020-12-28', '11:01:34', '2020-12-28 11:02:04'),
(93, 'Atopic dermatitis or eczema', 1, '2020-12-28', '11:02:07', '2020-12-28 11:02:46'),
(94, 'Cannabis-induced psychosis', 1, '2020-12-28', '11:02:07', '2020-12-28 11:02:46'),
(95, 'Glioblastoma', 1, '2020-12-28', '11:02:51', '2020-12-28 11:03:15'),
(96, 'Osteoarthritis of the hip', 1, '2020-12-28', '11:02:51', '2020-12-28 11:03:15');

-- --------------------------------------------------------

--
-- Table structure for table ` complex_dis_name_male`
--

CREATE TABLE ` complex_dis_name_male` (
  `com_id` int(11) NOT NULL,
  `ComDisName` varchar(225) NOT NULL,
  `status` tinyint(1) NOT NULL DEFAULT 1,
  `Date` date NOT NULL,
  `Time` time NOT NULL,
  `DateTime` datetime NOT NULL DEFAULT current_timestamp()
) ENGINE=InnoDB DEFAULT CHARSET=utf8mb4;

--
-- Dumping data for table ` complex_dis_name_male`
--

INSERT INTO ` complex_dis_name_male` (`com_id`, `ComDisName`, `status`, `Date`, `Time`, `DateTime`) VALUES
(1, 'Asthma', 1, '2020-12-23', '16:20:53', '2020-12-23 16:22:14'),
(2, 'Coronary heart disease', 1, '2020-12-23', '16:20:53', '2020-12-23 16:22:14'),
(3, 'Schizophrenia', 1, '2020-12-23', '16:24:40', '2020-12-23 16:23:14'),
(4, 'Rheumatoid Arthritis', 1, '2020-12-23', '16:22:41', '2020-12-23 16:23:14'),
(5, 'Melanoma', 1, '2020-12-23', '16:23:59', '2020-12-23 16:24:37'),
(6, 'Bipolar disorder', 1, '2020-12-23', '16:23:59', '2020-12-23 16:24:37'),
(7, 'Bladder cancer', 1, '2020-12-23', '16:25:32', '2020-12-23 16:26:22'),
(8, 'Thyroid cancer', 1, '2020-12-23', '16:25:32', '2020-12-23 16:26:22'),
(9, 'Osteoarthritis of the knee', 1, '2020-12-23', '16:26:30', '2020-12-23 16:27:03'),
(10, 'Atrial fibrillation', 1, '2020-12-23', '16:26:30', '2020-12-23 16:27:03'),
(11, 'Non-alcoholic fatty liver disease 1.79x\r\n(NAFLD)', 1, '2020-12-23', '16:27:31', '2020-12-23 16:27:55'),
(12, 'Herniated Disc', 1, '2020-12-23', '16:27:31', '2020-12-23 16:27:55'),
(13, 'Cannabis-induced psychosis', 1, '2020-12-23', '16:28:29', '2020-12-23 16:29:04'),
(14, 'Sudden cardiac arrest', 1, '2020-12-23', '16:28:29', '2020-12-23 16:29:04'),
(15, 'High blood pressure', 1, '2020-12-23', '16:29:15', '2020-12-23 16:29:51'),
(16, 'Obesity', 1, '2020-12-23', '16:29:15', '2020-12-23 16:29:51'),
(17, 'Heart attack', 1, '2020-12-23', '16:30:17', '2020-12-23 16:30:44'),
(18, 'Restless leg syndrome', 1, '2020-12-23', '16:30:17', '2020-12-23 16:30:44'),
(19, 'Gout', 1, '2020-12-23', '16:31:09', '2020-12-23 16:32:16'),
(20, 'Diabetes Mellitus, Type 2', 1, '2020-12-23', '16:31:09', '2020-12-23 16:32:16'),
(21, 'Glioma', 1, '2020-12-23', '16:32:39', '2020-12-23 16:33:16'),
(22, 'Neuroblastoma', 1, '2020-12-23', '16:32:39', '2020-12-23 16:33:16'),
(23, 'Prostate cance', 1, '2020-12-23', '16:33:40', '2020-12-23 16:34:25'),
(24, 'Amyotrophic lateral sclerosis', 1, '2020-12-23', '16:33:40', '2020-12-23 16:34:25'),
(25, 'Macular degeneration, age-related', 1, '2020-12-23', '16:35:05', '2020-12-23 16:35:44'),
(26, 'Parkinson’s disease', 1, '2020-12-23', '16:35:05', '2020-12-23 16:35:44'),
(27, 'Systemic lupus erythematosus(SLE)', 1, '2020-12-23', '16:36:06', '2020-12-23 16:36:58'),
(28, 'Fuch\'s dystrophy', 1, '2020-12-23', '16:36:06', '2020-12-23 16:36:58'),
(29, 'Meningioma', 1, '2020-12-23', '16:37:17', '2020-12-23 16:37:45'),
(30, 'Multiple sclerosis', 1, '2020-12-23', '16:37:17', '2020-12-23 16:37:45'),
(31, 'Myelofibrosis(Myeloproliferative NeoplasmsMPNs)\r\n', 1, '2020-12-23', '16:38:32', '2020-12-23 16:39:26'),
(32, 'Primary biliary cirrhosis (PBC)', 1, '2020-12-23', '16:38:32', '2020-12-23 16:39:26'),
(33, 'Dyslexia', 1, '2020-12-23', '16:39:37', '2020-12-23 16:40:21'),
(34, 'Chronic obstructive pulmonary disease (COPD)', 1, '2020-12-23', '16:39:37', '2020-12-23 16:40:21'),
(35, 'Hyperuricemia', 1, '2020-12-23', '16:41:35', '2020-12-23 16:42:20'),
(36, 'Sjögren syndrome', 1, '2020-12-23', '16:41:35', '2020-12-23 16:42:20'),
(37, 'Celiac disease', 1, '2020-12-23', '16:42:45', '2020-12-23 16:43:38'),
(38, 'Autism', 1, '2020-12-23', '16:42:45', '2020-12-23 16:43:38'),
(39, 'Vitiligo', 1, '2020-12-23', '16:43:50', '2020-12-23 16:44:34'),
(40, 'Grave\'s disease', 1, '2020-12-23', '16:43:50', '2020-12-23 16:44:34'),
(41, 'Craniofacial anomalies (CFA)', 1, '2020-12-23', '16:45:11', '2020-12-23 16:45:40'),
(42, 'Cleft lip and/or cleft palate', 1, '2020-12-23', '16:45:11', '2020-12-23 16:45:40'),
(43, 'Basal cell carcinoma', 1, '2020-12-23', '16:45:50', '2020-12-23 16:46:27'),
(44, 'Chronic lymphocytic leukemia', 1, '2020-12-23', '16:45:51', '2020-12-23 16:46:27'),
(45, 'Exfoliative glaucoma ', 1, '2020-12-23', '16:47:06', '2020-12-23 16:47:52'),
(46, 'Priapism in Sickle Cell Anemia', 1, '2020-12-15', '16:47:09', '2020-12-23 16:47:52'),
(47, 'Primary open-angle glaucoma', 1, '2020-12-23', '16:48:39', '2020-12-23 16:49:03'),
(48, 'Hypertriglyceridemia ', 1, '2020-12-23', '16:48:39', '2020-12-23 16:49:03'),
(49, 'Selective deficiency of IgA', 1, '2020-12-23', '16:50:13', '2020-12-23 16:50:44'),
(50, 'Eosinophilic esophagitis (EoE)', 1, '2020-12-23', '16:50:13', '2020-12-23 16:50:44'),
(51, 'Limited cutaneous scleroderma', 1, '2020-12-23', '16:51:18', '2020-12-23 16:51:55'),
(52, 'Essential tremor', 1, '2020-12-23', '16:51:18', '2020-12-23 16:51:55'),
(53, 'Idiopathic membranous nephropathy\r\n', 1, '2020-12-23', '16:52:16', '2020-12-23 16:53:26'),
(54, 'Osteoarthritis of the hip', 1, '2020-12-23', '16:52:16', '2020-12-23 16:53:26'),
(55, 'Intracranial aneurysm', 1, '2020-12-23', '16:53:46', '2020-12-23 16:54:54'),
(56, 'Ankylosing spondylitis (AS)', 1, '2020-12-23', '16:53:46', '2020-12-23 16:54:54'),
(57, 'Crohn’s disease', 1, '2020-12-23', '16:54:59', '2020-12-23 16:55:47'),
(58, 'Colorectal cancer', 1, '2020-12-23', '16:54:59', '2020-12-23 16:55:47'),
(59, 'Lung cancer', 1, '2020-12-23', '16:56:03', '2020-12-23 16:56:39'),
(60, 'Testicular cancer', 1, '2020-12-23', '16:56:03', '2020-12-23 16:56:39'),
(61, 'Psoriasis', 1, '2020-12-23', '16:56:55', '2020-12-23 16:57:37'),
(62, 'Peripheral arterial hypertension disease', 1, '2020-12-23', '16:56:55', '2020-12-23 16:57:37'),
(63, 'Periodontitis ', 1, '2020-12-23', '16:58:57', '2020-12-23 16:59:26'),
(64, 'Migraine', 1, '2020-12-23', '16:58:57', '2020-12-23 16:59:26'),
(65, 'Osteoporosis', 1, '2020-12-23', '16:59:41', '2020-12-23 17:00:12'),
(66, 'Depression', 1, '2020-12-23', '16:59:41', '2020-12-23 17:00:12'),
(67, 'Cataracts', 1, '2020-12-23', '17:00:40', '2020-12-23 17:01:20'),
(68, 'Allergic Asthma', 1, '2020-12-23', '17:00:40', '2020-12-23 17:01:20'),
(69, 'Hypothyroidism', 1, '2020-12-23', '17:01:26', '2020-12-23 17:01:58'),
(70, 'Ulcerative colitis', 1, '2020-12-23', '17:01:26', '2020-12-23 17:01:58'),
(71, 'Narcolepsy', 1, '2020-12-23', '17:02:13', '2020-12-23 17:02:42'),
(72, 'Non-Hodgkin’s lymphoma', 1, '2020-12-23', '17:02:13', '2020-12-23 17:02:42'),
(73, 'Deep vein thrombosis', 1, '2020-12-23', '17:02:57', '2020-12-23 17:03:25'),
(74, 'Esophageal Cancer', 1, '2020-12-23', '17:02:58', '2020-12-23 17:03:25'),
(75, 'Pancreatic cancer', 1, '2020-12-23', '17:03:35', '2020-12-23 17:04:09'),
(76, 'Pulmonary Fibrosis', 1, '2020-12-23', '17:03:35', '2020-12-23 17:04:09'),
(77, 'Biliary calculus or gallstones', 1, '2020-12-23', '17:04:22', '2020-12-23 17:05:04'),
(78, 'Atopic Asthma', 1, '2020-12-23', '17:04:21', '2020-12-23 17:05:04'),
(79, 'Seasonal affective disorder', 1, '2020-12-23', '17:05:38', '2020-12-23 17:06:23'),
(80, 'Abdominal Aortic Aneurysm', 1, '2020-12-23', '17:05:38', '2020-12-23 17:06:23'),
(81, 'Chronic kidney disease', 1, '2020-12-23', '17:06:47', '2020-12-23 17:07:21'),
(82, 'Anorexia nervosa', 1, '2020-12-23', '17:06:47', '2020-12-23 17:07:21'),
(83, 'Cluster headache', 1, '2020-12-23', '17:07:36', '2020-12-23 17:08:17'),
(84, 'Oral & Pharynx Cancer (Throat cancer)', 1, '2020-12-23', '17:07:36', '2020-12-23 17:08:17'),
(85, 'Myasthenia gravis', 1, '2020-12-23', '17:08:38', '2020-12-23 17:09:14'),
(86, 'Sarcoidosis', 1, '2020-12-23', '17:08:38', '2020-12-23 17:09:14'),
(87, 'Aperger’s syndrome', 1, '2020-12-23', '17:09:32', '2020-12-23 17:10:01'),
(88, 'Multiple myeloma', 1, '2020-12-23', '17:09:32', '2020-12-23 17:10:01'),
(89, 'Progressive supranuclear palsy', 1, '2020-12-23', '17:10:27', '2020-12-23 17:10:53'),
(90, 'Stomach cancer', 1, '2020-12-23', '17:10:27', '2020-12-23 17:10:53'),
(91, 'Glioblastoma', 1, '2020-12-23', '17:11:13', '2020-12-23 17:11:23');

-- --------------------------------------------------------

--
-- Table structure for table `disease_female`
--

CREATE TABLE `disease_female` (
  `id` int(11) NOT NULL,
  `order_id` varchar(225) NOT NULL,
  `token` varchar(225) NOT NULL,
  `D_id` int(11) NOT NULL,
  `DiseaseValue` varchar(225) NOT NULL,
  `date` date NOT NULL,
  `time` time NOT NULL,
  `datetime` timestamp NOT NULL DEFAULT current_timestamp()
) ENGINE=InnoDB DEFAULT CHARSET=utf8mb4;

--
-- Dumping data for table `disease_female`
--

INSERT INTO `disease_female` (`id`, `order_id`, `token`, `D_id`, `DiseaseValue`, `date`, `time`, `datetime`) VALUES
(1, 'YGK6f0a0e90d95e130d82eb49c1', 'ad23d9218c5a6be3', 1, '2', '2020-12-24', '10:47:57', '2020-12-24 09:47:58'),
(2, 'YGK6f0a0e90d95e130d82eb49c1', 'ad23d9218c5a6be3', 2, 'addc', '2020-12-24', '10:47:57', '2020-12-24 09:47:58'),
(3, 'YGK6f0a0e90d95e130d82eb49c1', 'ad23d9218c5a6be3', 3, '2', '2020-12-24', '10:47:57', '2020-12-24 09:47:58'),
(4, 'YGK6f0a0e90d95e130d82eb49c1', 'ad23d9218c5a6be3', 4, 'w', '2020-12-24', '10:47:57', '2020-12-24 09:47:58'),
(5, 'YGK6f0a0e90d95e130d82eb49c1', 'ad23d9218c5a6be3', 5, 'q', '2020-12-24', '10:47:57', '2020-12-24 09:47:58'),
(6, 'YGK6f0a0e90d95e130d82eb49c1', 'ad23d9218c5a6be3', 6, 's', '2020-12-24', '10:47:57', '2020-12-24 09:47:58'),
(7, 'YGK6f0a0e90d95e130d82eb49c1', 'ad23d9218c5a6be3', 7, 'cas', '2020-12-24', '10:47:57', '2020-12-24 09:47:58'),
(8, 'YGK6f0a0e90d95e130d82eb49c1', 'ad23d9218c5a6be3', 8, 'd', '2020-12-24', '10:47:57', '2020-12-24 09:47:58'),
(9, 'YGK6f0a0e90d95e130d82eb49c1', 'ad23d9218c5a6be3', 9, 'a', '2020-12-24', '10:47:57', '2020-12-24 09:47:58'),
(10, 'YGK6f0a0e90d95e130d82eb49c1', 'ad23d9218c5a6be3', 10, 'x', '2020-12-24', '10:47:57', '2020-12-24 09:47:58');

-- --------------------------------------------------------

--
-- Table structure for table `disease_input_female`
--

CREATE TABLE `disease_input_female` (
  `id` int(11) NOT NULL,
  `value` varchar(225) NOT NULL,
  `status` tinyint(1) NOT NULL DEFAULT 1,
  `datetime` datetime NOT NULL DEFAULT current_timestamp()
) ENGINE=InnoDB DEFAULT CHARSET=utf8mb4;

--
-- Dumping data for table `disease_input_female`
--

INSERT INTO `disease_input_female` (`id`, `value`, `status`, `datetime`) VALUES
(1, '2', 1, '2020-12-24 15:17:57'),
(2, 'addc', 1, '2020-12-24 15:17:57'),
(3, '2', 1, '2020-12-24 15:17:57'),
(4, 'w', 1, '2020-12-24 15:17:57'),
(5, 'q', 1, '2020-12-24 15:17:57'),
(6, 's', 1, '2020-12-24 15:17:57'),
(7, 'cas', 1, '2020-12-24 15:17:57'),
(8, 'd', 1, '2020-12-24 15:17:57'),
(9, 'a', 1, '2020-12-24 15:17:58'),
(10, 'x', 1, '2020-12-24 15:17:58');

-- --------------------------------------------------------

--
-- Table structure for table `disease_input_male`
--

CREATE TABLE `disease_input_male` (
  `id` int(25) NOT NULL,
  `value` varchar(225) NOT NULL,
  `datetime` datetime NOT NULL DEFAULT current_timestamp(),
  `status` tinyint(4) DEFAULT 1
) ENGINE=InnoDB DEFAULT CHARSET=utf8mb4;

--
-- Dumping data for table `disease_input_male`
--

INSERT INTO `disease_input_male` (`id`, `value`, `datetime`, `status`) VALUES
(1, '2', '2020-12-28 17:30:50', 1),
(2, '1', '2020-12-28 17:30:50', 1),
(3, '2', '2020-12-28 17:30:50', 1),
(4, 'w', '2020-12-28 17:30:50', 1),
(5, 'q', '2020-12-28 17:30:50', 1);

-- --------------------------------------------------------

--
-- Table structure for table `disease_male`
--

CREATE TABLE `disease_male` (
  `id` int(11) NOT NULL,
  `order_id` varchar(225) NOT NULL,
  `token` varchar(225) NOT NULL,
  `D_id` int(11) NOT NULL,
  `DiseaseVal` varchar(130) NOT NULL,
  `date` date NOT NULL,
  `time` time NOT NULL,
  `datetime` datetime NOT NULL DEFAULT current_timestamp()
) ENGINE=InnoDB DEFAULT CHARSET=utf8mb4;

--
-- Dumping data for table `disease_male`
--

INSERT INTO `disease_male` (`id`, `order_id`, `token`, `D_id`, `DiseaseVal`, `date`, `time`, `datetime`) VALUES
(1, 'YGKaf58fa947c5579aec9102366', '47f20e468a740d22', 1, '2', '2020-12-24', '11:03:22', '2020-12-24 15:33:25'),
(2, 'YGKaf58fa947c5579aec9102366', '47f20e468a740d22', 2, 'addc', '2020-12-24', '11:03:22', '2020-12-24 15:33:25'),
(3, 'YGKaf58fa947c5579aec9102366', '47f20e468a740d22', 3, '2', '2020-12-24', '11:03:22', '2020-12-24 15:33:25'),
(4, 'YGKaf58fa947c5579aec9102366', '47f20e468a740d22', 4, 'w', '2020-12-24', '11:03:22', '2020-12-24 15:33:25'),
(5, 'YGKaf58fa947c5579aec9102366', '47f20e468a740d22', 5, 'q', '2020-12-24', '11:03:22', '2020-12-24 15:33:25'),
(6, 'YGKaf58fa947c5579aec9102366', '47f20e468a740d22', 6, 's', '2020-12-24', '11:03:22', '2020-12-24 15:33:25'),
(7, 'YGKaf58fa947c5579aec9102366', '47f20e468a740d22', 7, 'cas', '2020-12-24', '11:03:22', '2020-12-24 15:33:25'),
(8, 'YGKaf58fa947c5579aec9102366', '47f20e468a740d22', 8, 'd', '2020-12-24', '11:03:22', '2020-12-24 15:33:25'),
(9, 'YGKaf58fa947c5579aec9102366', '47f20e468a740d22', 9, 'a', '2020-12-24', '11:03:22', '2020-12-24 15:33:25'),
(10, 'YGKaf58fa947c5579aec9102366', '47f20e468a740d22', 10, 'x', '2020-12-24', '11:03:22', '2020-12-24 15:33:25'),
(11, 'YGKaf58fa947c5579aec9102366', '47f20e468a740d22', 11, '', '2020-12-24', '11:03:22', '2020-12-24 15:33:25'),
(12, 'YGKaf58fa947c5579aec9102366', '47f20e468a740d22', 12, '', '2020-12-24', '11:03:22', '2020-12-24 15:33:25'),
(13, 'YGKaf58fa947c5579aec9102366', '47f20e468a740d22', 13, '', '2020-12-24', '11:03:22', '2020-12-24 15:33:25'),
(14, 'YGKaf58fa947c5579aec9102366', '47f20e468a740d22', 14, '', '2020-12-24', '11:03:22', '2020-12-24 15:33:25'),
(15, 'YGKaf58fa947c5579aec9102366', '47f20e468a740d22', 15, '', '2020-12-24', '11:03:22', '2020-12-24 15:33:25'),
(16, 'YGKaf58fa947c5579aec9102366', '47f20e468a740d22', 16, '', '2020-12-24', '11:03:22', '2020-12-24 15:33:25'),
(17, 'YGKaf58fa947c5579aec9102366', '47f20e468a740d22', 17, '', '2020-12-24', '11:03:22', '2020-12-24 15:33:25'),
(18, 'YGKaf58fa947c5579aec9102366', '47f20e468a740d22', 18, '', '2020-12-24', '11:03:22', '2020-12-24 15:33:25'),
(19, 'YGKaf58fa947c5579aec9102366', '47f20e468a740d22', 19, '', '2020-12-24', '11:03:22', '2020-12-24 15:33:25'),
(20, 'YGKaf58fa947c5579aec9102366', '47f20e468a740d22', 20, '', '2020-12-24', '11:03:22', '2020-12-24 15:33:25'),
(21, 'YGKaf58fa947c5579aec9102366', '47f20e468a740d22', 21, '', '2020-12-24', '11:03:22', '2020-12-24 15:33:25'),
(22, 'YGKaf58fa947c5579aec9102366', '47f20e468a740d22', 22, '', '2020-12-24', '11:03:22', '2020-12-24 15:33:25'),
(23, 'YGKaf58fa947c5579aec9102366', '47f20e468a740d22', 23, '', '2020-12-24', '11:03:22', '2020-12-24 15:33:25'),
(24, 'YGKaf58fa947c5579aec9102366', '47f20e468a740d22', 24, '', '2020-12-24', '11:03:22', '2020-12-24 15:33:25'),
(25, 'YGKaf58fa947c5579aec9102366', '47f20e468a740d22', 25, '', '2020-12-24', '11:03:22', '2020-12-24 15:33:25'),
(26, 'YGKaf58fa947c5579aec9102366', '47f20e468a740d22', 26, '', '2020-12-24', '11:03:22', '2020-12-24 15:33:25'),
(27, 'YGKaf58fa947c5579aec9102366', '47f20e468a740d22', 27, '', '2020-12-24', '11:03:22', '2020-12-24 15:33:25'),
(28, 'YGKaf58fa947c5579aec9102366', '47f20e468a740d22', 28, '', '2020-12-24', '11:03:22', '2020-12-24 15:33:25'),
(29, 'YGKaf58fa947c5579aec9102366', '47f20e468a740d22', 29, '', '2020-12-24', '11:03:22', '2020-12-24 15:33:26'),
(30, 'YGKaf58fa947c5579aec9102366', '47f20e468a740d22', 30, '', '2020-12-24', '11:03:22', '2020-12-24 15:33:26'),
(31, 'YGKaf58fa947c5579aec9102366', '47f20e468a740d22', 31, '', '2020-12-24', '11:03:22', '2020-12-24 15:33:26'),
(32, 'YGKaf58fa947c5579aec9102366', '47f20e468a740d22', 32, '', '2020-12-24', '11:03:22', '2020-12-24 15:33:26'),
(33, 'YGKaf58fa947c5579aec9102366', '47f20e468a740d22', 33, '', '2020-12-24', '11:03:22', '2020-12-24 15:33:26'),
(34, 'YGKaf58fa947c5579aec9102366', '47f20e468a740d22', 34, '', '2020-12-24', '11:03:22', '2020-12-24 15:33:26'),
(35, 'YGKaf58fa947c5579aec9102366', '47f20e468a740d22', 35, '', '2020-12-24', '11:03:22', '2020-12-24 15:33:26'),
(36, 'YGKaf58fa947c5579aec9102366', '47f20e468a740d22', 36, '', '2020-12-24', '11:03:22', '2020-12-24 15:33:26'),
(37, 'YGKaf58fa947c5579aec9102366', '47f20e468a740d22', 37, '', '2020-12-24', '11:03:22', '2020-12-24 15:33:26'),
(38, 'YGKaf58fa947c5579aec9102366', '47f20e468a740d22', 38, '', '2020-12-24', '11:03:22', '2020-12-24 15:33:26'),
(39, 'YGKaf58fa947c5579aec9102366', '47f20e468a740d22', 39, '', '2020-12-24', '11:03:22', '2020-12-24 15:33:26'),
(40, 'YGKaf58fa947c5579aec9102366', '47f20e468a740d22', 40, '', '2020-12-24', '11:03:22', '2020-12-24 15:33:26'),
(41, 'YGKaf58fa947c5579aec9102366', '47f20e468a740d22', 41, '', '2020-12-24', '11:03:22', '2020-12-24 15:33:26'),
(42, 'YGKaf58fa947c5579aec9102366', '47f20e468a740d22', 42, '', '2020-12-24', '11:03:22', '2020-12-24 15:33:26'),
(43, 'YGKaf58fa947c5579aec9102366', '47f20e468a740d22', 43, '', '2020-12-24', '11:03:22', '2020-12-24 15:33:26'),
(44, 'YGKaf58fa947c5579aec9102366', '47f20e468a740d22', 44, '', '2020-12-24', '11:03:22', '2020-12-24 15:33:26'),
(45, 'YGKaf58fa947c5579aec9102366', '47f20e468a740d22', 45, '', '2020-12-24', '11:03:22', '2020-12-24 15:33:26'),
(46, 'YGKaf58fa947c5579aec9102366', '47f20e468a740d22', 46, '', '2020-12-24', '11:03:22', '2020-12-24 15:33:26'),
(47, 'YGKaf58fa947c5579aec9102366', '47f20e468a740d22', 47, '', '2020-12-24', '11:03:22', '2020-12-24 15:33:26'),
(48, 'YGKaf58fa947c5579aec9102366', '47f20e468a740d22', 48, '', '2020-12-24', '11:03:22', '2020-12-24 15:33:26'),
(49, 'YGKaf58fa947c5579aec9102366', '47f20e468a740d22', 49, '', '2020-12-24', '11:03:22', '2020-12-24 15:33:26'),
(50, 'YGKaf58fa947c5579aec9102366', '47f20e468a740d22', 50, '', '2020-12-24', '11:03:22', '2020-12-24 15:33:26'),
(51, 'YGKaf58fa947c5579aec9102366', '47f20e468a740d22', 51, '', '2020-12-24', '11:03:22', '2020-12-24 15:33:26'),
(52, 'YGKaf58fa947c5579aec9102366', '47f20e468a740d22', 52, '', '2020-12-24', '11:03:22', '2020-12-24 15:33:26'),
(53, 'YGKaf58fa947c5579aec9102366', '47f20e468a740d22', 53, '', '2020-12-24', '11:03:22', '2020-12-24 15:33:26'),
(54, 'YGKaf58fa947c5579aec9102366', '47f20e468a740d22', 54, '', '2020-12-24', '11:03:22', '2020-12-24 15:33:26'),
(55, 'YGKaf58fa947c5579aec9102366', '47f20e468a740d22', 55, '', '2020-12-24', '11:03:22', '2020-12-24 15:33:26'),
(56, 'YGKaf58fa947c5579aec9102366', '47f20e468a740d22', 56, '', '2020-12-24', '11:03:22', '2020-12-24 15:33:26'),
(57, 'YGKaf58fa947c5579aec9102366', '47f20e468a740d22', 57, '', '2020-12-24', '11:03:22', '2020-12-24 15:33:26'),
(58, 'YGKaf58fa947c5579aec9102366', '47f20e468a740d22', 58, '', '2020-12-24', '11:03:22', '2020-12-24 15:33:26'),
(59, 'YGKaf58fa947c5579aec9102366', '47f20e468a740d22', 59, '', '2020-12-24', '11:03:22', '2020-12-24 15:33:27'),
(60, 'YGKaf58fa947c5579aec9102366', '47f20e468a740d22', 60, '', '2020-12-24', '11:03:22', '2020-12-24 15:33:27'),
(61, 'YGKaf58fa947c5579aec9102366', '47f20e468a740d22', 61, '', '2020-12-24', '11:03:22', '2020-12-24 15:33:27'),
(62, 'YGKaf58fa947c5579aec9102366', '47f20e468a740d22', 62, '', '2020-12-24', '11:03:22', '2020-12-24 15:33:27'),
(63, 'YGKaf58fa947c5579aec9102366', '47f20e468a740d22', 63, '', '2020-12-24', '11:03:22', '2020-12-24 15:33:27'),
(64, 'YGKaf58fa947c5579aec9102366', '47f20e468a740d22', 64, '', '2020-12-24', '11:03:22', '2020-12-24 15:33:27'),
(65, 'YGKaf58fa947c5579aec9102366', '47f20e468a740d22', 65, '', '2020-12-24', '11:03:22', '2020-12-24 15:33:27'),
(66, 'YGKaf58fa947c5579aec9102366', '47f20e468a740d22', 66, '', '2020-12-24', '11:03:22', '2020-12-24 15:33:27'),
(67, 'YGKaf58fa947c5579aec9102366', '47f20e468a740d22', 67, '', '2020-12-24', '11:03:22', '2020-12-24 15:33:27'),
(68, 'YGKaf58fa947c5579aec9102366', '47f20e468a740d22', 68, '', '2020-12-24', '11:03:22', '2020-12-24 15:33:27'),
(69, 'YGKaf58fa947c5579aec9102366', '47f20e468a740d22', 69, '', '2020-12-24', '11:03:22', '2020-12-24 15:33:27'),
(70, 'YGKaf58fa947c5579aec9102366', '47f20e468a740d22', 70, '', '2020-12-24', '11:03:22', '2020-12-24 15:33:27'),
(71, 'YGKaf58fa947c5579aec9102366', '47f20e468a740d22', 71, '', '2020-12-24', '11:03:22', '2020-12-24 15:33:27'),
(72, 'YGKaf58fa947c5579aec9102366', '47f20e468a740d22', 72, '', '2020-12-24', '11:03:22', '2020-12-24 15:33:27'),
(73, 'YGKaf58fa947c5579aec9102366', '47f20e468a740d22', 73, '', '2020-12-24', '11:03:22', '2020-12-24 15:33:27'),
(74, 'YGKaf58fa947c5579aec9102366', '47f20e468a740d22', 74, '', '2020-12-24', '11:03:22', '2020-12-24 15:33:27'),
(75, 'YGKaf58fa947c5579aec9102366', '47f20e468a740d22', 75, '', '2020-12-24', '11:03:22', '2020-12-24 15:33:27'),
(76, 'YGKaf58fa947c5579aec9102366', '47f20e468a740d22', 76, '', '2020-12-24', '11:03:22', '2020-12-24 15:33:27'),
(77, 'YGKaf58fa947c5579aec9102366', '47f20e468a740d22', 77, '', '2020-12-24', '11:03:22', '2020-12-24 15:33:27'),
(78, 'YGKac3d17535b4ff220252572e1', '12105f1b5e4b151a', 1, '2', '2020-12-24', '11:08:11', '2020-12-24 15:38:13'),
(79, 'YGKac3d17535b4ff220252572e1', '12105f1b5e4b151a', 2, 'addc', '2020-12-24', '11:08:11', '2020-12-24 15:38:13'),
(80, 'YGKac3d17535b4ff220252572e1', '12105f1b5e4b151a', 3, '2', '2020-12-24', '11:08:11', '2020-12-24 15:38:13'),
(81, 'YGKac3d17535b4ff220252572e1', '12105f1b5e4b151a', 4, 'w', '2020-12-24', '11:08:11', '2020-12-24 15:38:13'),
(82, 'YGKac3d17535b4ff220252572e1', '12105f1b5e4b151a', 5, 'q', '2020-12-24', '11:08:11', '2020-12-24 15:38:13'),
(83, 'YGKac3d17535b4ff220252572e1', '12105f1b5e4b151a', 6, 's', '2020-12-24', '11:08:11', '2020-12-24 15:38:13'),
(84, 'YGKac3d17535b4ff220252572e1', '12105f1b5e4b151a', 7, 'cas', '2020-12-24', '11:08:11', '2020-12-24 15:38:13'),
(85, 'YGKac3d17535b4ff220252572e1', '12105f1b5e4b151a', 8, 'd', '2020-12-24', '11:08:11', '2020-12-24 15:38:13'),
(86, 'YGKac3d17535b4ff220252572e1', '12105f1b5e4b151a', 9, 'a', '2020-12-24', '11:08:11', '2020-12-24 15:38:13'),
(87, 'YGKac3d17535b4ff220252572e1', '12105f1b5e4b151a', 10, 'x', '2020-12-24', '11:08:11', '2020-12-24 15:38:13'),
(88, 'YGKac3d17535b4ff220252572e1', '12105f1b5e4b151a', 11, '', '2020-12-24', '11:08:11', '2020-12-24 15:38:13'),
(89, 'YGKac3d17535b4ff220252572e1', '12105f1b5e4b151a', 12, '', '2020-12-24', '11:08:11', '2020-12-24 15:38:13'),
(90, 'YGKac3d17535b4ff220252572e1', '12105f1b5e4b151a', 13, '', '2020-12-24', '11:08:11', '2020-12-24 15:38:13'),
(91, 'YGKac3d17535b4ff220252572e1', '12105f1b5e4b151a', 14, '', '2020-12-24', '11:08:11', '2020-12-24 15:38:13'),
(92, 'YGKac3d17535b4ff220252572e1', '12105f1b5e4b151a', 15, '', '2020-12-24', '11:08:11', '2020-12-24 15:38:13'),
(93, 'YGKac3d17535b4ff220252572e1', '12105f1b5e4b151a', 16, '', '2020-12-24', '11:08:11', '2020-12-24 15:38:13'),
(94, 'YGKac3d17535b4ff220252572e1', '12105f1b5e4b151a', 17, '', '2020-12-24', '11:08:11', '2020-12-24 15:38:13'),
(95, 'YGKac3d17535b4ff220252572e1', '12105f1b5e4b151a', 18, '', '2020-12-24', '11:08:11', '2020-12-24 15:38:13'),
(96, 'YGKac3d17535b4ff220252572e1', '12105f1b5e4b151a', 19, '', '2020-12-24', '11:08:11', '2020-12-24 15:38:14'),
(97, 'YGKac3d17535b4ff220252572e1', '12105f1b5e4b151a', 20, '', '2020-12-24', '11:08:11', '2020-12-24 15:38:14'),
(98, 'YGKac3d17535b4ff220252572e1', '12105f1b5e4b151a', 21, '', '2020-12-24', '11:08:11', '2020-12-24 15:38:14'),
(99, 'YGKac3d17535b4ff220252572e1', '12105f1b5e4b151a', 22, '', '2020-12-24', '11:08:11', '2020-12-24 15:38:14'),
(100, 'YGKac3d17535b4ff220252572e1', '12105f1b5e4b151a', 23, '', '2020-12-24', '11:08:11', '2020-12-24 15:38:14'),
(101, 'YGKac3d17535b4ff220252572e1', '12105f1b5e4b151a', 24, '', '2020-12-24', '11:08:11', '2020-12-24 15:38:14'),
(102, 'YGKac3d17535b4ff220252572e1', '12105f1b5e4b151a', 25, '', '2020-12-24', '11:08:11', '2020-12-24 15:38:14'),
(103, 'YGKac3d17535b4ff220252572e1', '12105f1b5e4b151a', 26, '', '2020-12-24', '11:08:11', '2020-12-24 15:38:14'),
(104, 'YGKac3d17535b4ff220252572e1', '12105f1b5e4b151a', 27, '', '2020-12-24', '11:08:11', '2020-12-24 15:38:14'),
(105, 'YGKac3d17535b4ff220252572e1', '12105f1b5e4b151a', 28, '', '2020-12-24', '11:08:11', '2020-12-24 15:38:14'),
(106, 'YGKac3d17535b4ff220252572e1', '12105f1b5e4b151a', 29, '', '2020-12-24', '11:08:11', '2020-12-24 15:38:14'),
(107, 'YGKac3d17535b4ff220252572e1', '12105f1b5e4b151a', 30, '', '2020-12-24', '11:08:11', '2020-12-24 15:38:14'),
(108, 'YGKac3d17535b4ff220252572e1', '12105f1b5e4b151a', 31, '', '2020-12-24', '11:08:11', '2020-12-24 15:38:14'),
(109, 'YGKac3d17535b4ff220252572e1', '12105f1b5e4b151a', 32, '', '2020-12-24', '11:08:11', '2020-12-24 15:38:14'),
(110, 'YGKac3d17535b4ff220252572e1', '12105f1b5e4b151a', 33, '', '2020-12-24', '11:08:11', '2020-12-24 15:38:14'),
(111, 'YGKac3d17535b4ff220252572e1', '12105f1b5e4b151a', 34, '', '2020-12-24', '11:08:11', '2020-12-24 15:38:14'),
(112, 'YGKac3d17535b4ff220252572e1', '12105f1b5e4b151a', 35, '', '2020-12-24', '11:08:11', '2020-12-24 15:38:14'),
(113, 'YGKac3d17535b4ff220252572e1', '12105f1b5e4b151a', 36, '', '2020-12-24', '11:08:11', '2020-12-24 15:38:14'),
(114, 'YGKac3d17535b4ff220252572e1', '12105f1b5e4b151a', 37, '', '2020-12-24', '11:08:11', '2020-12-24 15:38:14'),
(115, 'YGKac3d17535b4ff220252572e1', '12105f1b5e4b151a', 38, '', '2020-12-24', '11:08:11', '2020-12-24 15:38:14'),
(116, 'YGKac3d17535b4ff220252572e1', '12105f1b5e4b151a', 39, '', '2020-12-24', '11:08:11', '2020-12-24 15:38:14'),
(117, 'YGKac3d17535b4ff220252572e1', '12105f1b5e4b151a', 40, '', '2020-12-24', '11:08:11', '2020-12-24 15:38:14'),
(118, 'YGKac3d17535b4ff220252572e1', '12105f1b5e4b151a', 41, '', '2020-12-24', '11:08:11', '2020-12-24 15:38:14'),
(119, 'YGKac3d17535b4ff220252572e1', '12105f1b5e4b151a', 42, '', '2020-12-24', '11:08:11', '2020-12-24 15:38:14'),
(120, 'YGKac3d17535b4ff220252572e1', '12105f1b5e4b151a', 43, '', '2020-12-24', '11:08:11', '2020-12-24 15:38:14'),
(121, 'YGKac3d17535b4ff220252572e1', '12105f1b5e4b151a', 44, '', '2020-12-24', '11:08:11', '2020-12-24 15:38:14'),
(122, 'YGKac3d17535b4ff220252572e1', '12105f1b5e4b151a', 45, '', '2020-12-24', '11:08:11', '2020-12-24 15:38:14'),
(123, 'YGKac3d17535b4ff220252572e1', '12105f1b5e4b151a', 46, '', '2020-12-24', '11:08:11', '2020-12-24 15:38:14'),
(124, 'YGKac3d17535b4ff220252572e1', '12105f1b5e4b151a', 47, '', '2020-12-24', '11:08:11', '2020-12-24 15:38:14'),
(125, 'YGKac3d17535b4ff220252572e1', '12105f1b5e4b151a', 48, '', '2020-12-24', '11:08:11', '2020-12-24 15:38:14'),
(126, 'YGKac3d17535b4ff220252572e1', '12105f1b5e4b151a', 49, '', '2020-12-24', '11:08:11', '2020-12-24 15:38:14'),
(127, 'YGKac3d17535b4ff220252572e1', '12105f1b5e4b151a', 50, '', '2020-12-24', '11:08:11', '2020-12-24 15:38:14'),
(128, 'YGKac3d17535b4ff220252572e1', '12105f1b5e4b151a', 51, '', '2020-12-24', '11:08:11', '2020-12-24 15:38:14'),
(129, 'YGKac3d17535b4ff220252572e1', '12105f1b5e4b151a', 52, '', '2020-12-24', '11:08:11', '2020-12-24 15:38:14'),
(130, 'YGKac3d17535b4ff220252572e1', '12105f1b5e4b151a', 53, '', '2020-12-24', '11:08:11', '2020-12-24 15:38:14'),
(131, 'YGKac3d17535b4ff220252572e1', '12105f1b5e4b151a', 54, '', '2020-12-24', '11:08:11', '2020-12-24 15:38:14'),
(132, 'YGKac3d17535b4ff220252572e1', '12105f1b5e4b151a', 55, '', '2020-12-24', '11:08:11', '2020-12-24 15:38:15'),
(133, 'YGKac3d17535b4ff220252572e1', '12105f1b5e4b151a', 56, '', '2020-12-24', '11:08:11', '2020-12-24 15:38:15'),
(134, 'YGKac3d17535b4ff220252572e1', '12105f1b5e4b151a', 57, '', '2020-12-24', '11:08:11', '2020-12-24 15:38:15'),
(135, 'YGKac3d17535b4ff220252572e1', '12105f1b5e4b151a', 58, '', '2020-12-24', '11:08:11', '2020-12-24 15:38:15'),
(136, 'YGKac3d17535b4ff220252572e1', '12105f1b5e4b151a', 59, '', '2020-12-24', '11:08:11', '2020-12-24 15:38:15'),
(137, 'YGKac3d17535b4ff220252572e1', '12105f1b5e4b151a', 60, '', '2020-12-24', '11:08:11', '2020-12-24 15:38:15'),
(138, 'YGKac3d17535b4ff220252572e1', '12105f1b5e4b151a', 61, '', '2020-12-24', '11:08:11', '2020-12-24 15:38:15'),
(139, 'YGKac3d17535b4ff220252572e1', '12105f1b5e4b151a', 62, '', '2020-12-24', '11:08:11', '2020-12-24 15:38:15'),
(140, 'YGKac3d17535b4ff220252572e1', '12105f1b5e4b151a', 63, '', '2020-12-24', '11:08:11', '2020-12-24 15:38:15'),
(141, 'YGKac3d17535b4ff220252572e1', '12105f1b5e4b151a', 64, '', '2020-12-24', '11:08:11', '2020-12-24 15:38:15'),
(142, 'YGKac3d17535b4ff220252572e1', '12105f1b5e4b151a', 65, '', '2020-12-24', '11:08:11', '2020-12-24 15:38:15'),
(143, 'YGKac3d17535b4ff220252572e1', '12105f1b5e4b151a', 66, '', '2020-12-24', '11:08:11', '2020-12-24 15:38:15'),
(144, 'YGKac3d17535b4ff220252572e1', '12105f1b5e4b151a', 67, '', '2020-12-24', '11:08:11', '2020-12-24 15:38:15'),
(145, 'YGKac3d17535b4ff220252572e1', '12105f1b5e4b151a', 68, '', '2020-12-24', '11:08:11', '2020-12-24 15:38:15'),
(146, 'YGKac3d17535b4ff220252572e1', '12105f1b5e4b151a', 69, '', '2020-12-24', '11:08:11', '2020-12-24 15:38:15'),
(147, 'YGKac3d17535b4ff220252572e1', '12105f1b5e4b151a', 70, '', '2020-12-24', '11:08:11', '2020-12-24 15:38:15'),
(148, 'YGKac3d17535b4ff220252572e1', '12105f1b5e4b151a', 71, '', '2020-12-24', '11:08:11', '2020-12-24 15:38:15'),
(149, 'YGKac3d17535b4ff220252572e1', '12105f1b5e4b151a', 72, '', '2020-12-24', '11:08:11', '2020-12-24 15:38:15'),
(150, 'YGKac3d17535b4ff220252572e1', '12105f1b5e4b151a', 73, '', '2020-12-24', '11:08:11', '2020-12-24 15:38:15'),
(151, 'YGKac3d17535b4ff220252572e1', '12105f1b5e4b151a', 74, '', '2020-12-24', '11:08:11', '2020-12-24 15:38:15'),
(152, 'YGKac3d17535b4ff220252572e1', '12105f1b5e4b151a', 75, '', '2020-12-24', '11:08:11', '2020-12-24 15:38:15'),
(153, 'YGKac3d17535b4ff220252572e1', '12105f1b5e4b151a', 76, '', '2020-12-24', '11:08:11', '2020-12-24 15:38:15'),
(154, 'YGKac3d17535b4ff220252572e1', '12105f1b5e4b151a', 77, '', '2020-12-24', '11:08:11', '2020-12-24 15:38:15'),
(155, 'YGKd5603373bfcca97581d7950a', '9eb75501aa5a6bfb', 1, '2', '2020-12-24', '11:09:20', '2020-12-24 15:39:23'),
(156, 'YGKd5603373bfcca97581d7950a', '9eb75501aa5a6bfb', 2, 'addc', '2020-12-24', '11:09:20', '2020-12-24 15:39:23'),
(157, 'YGKd5603373bfcca97581d7950a', '9eb75501aa5a6bfb', 3, '2', '2020-12-24', '11:09:20', '2020-12-24 15:39:23'),
(158, 'YGKd5603373bfcca97581d7950a', '9eb75501aa5a6bfb', 4, 'w', '2020-12-24', '11:09:20', '2020-12-24 15:39:23'),
(159, 'YGKd5603373bfcca97581d7950a', '9eb75501aa5a6bfb', 5, 'q', '2020-12-24', '11:09:20', '2020-12-24 15:39:23'),
(160, 'YGKd5603373bfcca97581d7950a', '9eb75501aa5a6bfb', 6, 's', '2020-12-24', '11:09:20', '2020-12-24 15:39:23'),
(161, 'YGKd5603373bfcca97581d7950a', '9eb75501aa5a6bfb', 7, 'cas', '2020-12-24', '11:09:20', '2020-12-24 15:39:23'),
(162, 'YGKd5603373bfcca97581d7950a', '9eb75501aa5a6bfb', 8, 'd', '2020-12-24', '11:09:20', '2020-12-24 15:39:23'),
(163, 'YGKd5603373bfcca97581d7950a', '9eb75501aa5a6bfb', 9, 'a', '2020-12-24', '11:09:20', '2020-12-24 15:39:23'),
(164, 'YGKd5603373bfcca97581d7950a', '9eb75501aa5a6bfb', 10, 'x', '2020-12-24', '11:09:20', '2020-12-24 15:39:23'),
(165, 'YGKd5603373bfcca97581d7950a', '9eb75501aa5a6bfb', 11, '', '2020-12-24', '11:09:20', '2020-12-24 15:39:23'),
(166, 'YGKd5603373bfcca97581d7950a', '9eb75501aa5a6bfb', 12, '', '2020-12-24', '11:09:20', '2020-12-24 15:39:23'),
(167, 'YGKd5603373bfcca97581d7950a', '9eb75501aa5a6bfb', 13, '', '2020-12-24', '11:09:20', '2020-12-24 15:39:23'),
(168, 'YGKd5603373bfcca97581d7950a', '9eb75501aa5a6bfb', 14, '', '2020-12-24', '11:09:20', '2020-12-24 15:39:23'),
(169, 'YGKd5603373bfcca97581d7950a', '9eb75501aa5a6bfb', 15, '', '2020-12-24', '11:09:20', '2020-12-24 15:39:23'),
(170, 'YGKd5603373bfcca97581d7950a', '9eb75501aa5a6bfb', 16, '', '2020-12-24', '11:09:20', '2020-12-24 15:39:23'),
(171, 'YGKd5603373bfcca97581d7950a', '9eb75501aa5a6bfb', 17, '', '2020-12-24', '11:09:20', '2020-12-24 15:39:23'),
(172, 'YGKd5603373bfcca97581d7950a', '9eb75501aa5a6bfb', 18, '', '2020-12-24', '11:09:20', '2020-12-24 15:39:23'),
(173, 'YGKd5603373bfcca97581d7950a', '9eb75501aa5a6bfb', 19, '', '2020-12-24', '11:09:20', '2020-12-24 15:39:23'),
(174, 'YGKd5603373bfcca97581d7950a', '9eb75501aa5a6bfb', 20, '', '2020-12-24', '11:09:20', '2020-12-24 15:39:23'),
(175, 'YGKd5603373bfcca97581d7950a', '9eb75501aa5a6bfb', 21, '', '2020-12-24', '11:09:20', '2020-12-24 15:39:24'),
(176, 'YGKd5603373bfcca97581d7950a', '9eb75501aa5a6bfb', 22, '', '2020-12-24', '11:09:20', '2020-12-24 15:39:24'),
(177, 'YGKd5603373bfcca97581d7950a', '9eb75501aa5a6bfb', 23, '', '2020-12-24', '11:09:20', '2020-12-24 15:39:24'),
(178, 'YGKd5603373bfcca97581d7950a', '9eb75501aa5a6bfb', 24, '', '2020-12-24', '11:09:20', '2020-12-24 15:39:24'),
(179, 'YGKd5603373bfcca97581d7950a', '9eb75501aa5a6bfb', 25, '', '2020-12-24', '11:09:20', '2020-12-24 15:39:24'),
(180, 'YGKd5603373bfcca97581d7950a', '9eb75501aa5a6bfb', 26, '', '2020-12-24', '11:09:20', '2020-12-24 15:39:24'),
(181, 'YGKd5603373bfcca97581d7950a', '9eb75501aa5a6bfb', 27, '', '2020-12-24', '11:09:20', '2020-12-24 15:39:24'),
(182, 'YGKd5603373bfcca97581d7950a', '9eb75501aa5a6bfb', 28, '', '2020-12-24', '11:09:20', '2020-12-24 15:39:24'),
(183, 'YGKd5603373bfcca97581d7950a', '9eb75501aa5a6bfb', 29, '', '2020-12-24', '11:09:20', '2020-12-24 15:39:24'),
(184, 'YGKd5603373bfcca97581d7950a', '9eb75501aa5a6bfb', 30, '', '2020-12-24', '11:09:20', '2020-12-24 15:39:24'),
(185, 'YGKd5603373bfcca97581d7950a', '9eb75501aa5a6bfb', 31, '', '2020-12-24', '11:09:20', '2020-12-24 15:39:24'),
(186, 'YGKd5603373bfcca97581d7950a', '9eb75501aa5a6bfb', 32, '', '2020-12-24', '11:09:20', '2020-12-24 15:39:24'),
(187, 'YGKd5603373bfcca97581d7950a', '9eb75501aa5a6bfb', 33, '', '2020-12-24', '11:09:20', '2020-12-24 15:39:24'),
(188, 'YGKd5603373bfcca97581d7950a', '9eb75501aa5a6bfb', 34, '', '2020-12-24', '11:09:20', '2020-12-24 15:39:24'),
(189, 'YGKd5603373bfcca97581d7950a', '9eb75501aa5a6bfb', 35, '', '2020-12-24', '11:09:20', '2020-12-24 15:39:24'),
(190, 'YGKd5603373bfcca97581d7950a', '9eb75501aa5a6bfb', 36, '', '2020-12-24', '11:09:20', '2020-12-24 15:39:24'),
(191, 'YGKd5603373bfcca97581d7950a', '9eb75501aa5a6bfb', 37, '', '2020-12-24', '11:09:20', '2020-12-24 15:39:24'),
(192, 'YGKd5603373bfcca97581d7950a', '9eb75501aa5a6bfb', 38, '', '2020-12-24', '11:09:20', '2020-12-24 15:39:24'),
(193, 'YGKd5603373bfcca97581d7950a', '9eb75501aa5a6bfb', 39, '', '2020-12-24', '11:09:20', '2020-12-24 15:39:24'),
(194, 'YGKd5603373bfcca97581d7950a', '9eb75501aa5a6bfb', 40, '', '2020-12-24', '11:09:20', '2020-12-24 15:39:24'),
(195, 'YGKd5603373bfcca97581d7950a', '9eb75501aa5a6bfb', 41, '', '2020-12-24', '11:09:20', '2020-12-24 15:39:24'),
(196, 'YGKd5603373bfcca97581d7950a', '9eb75501aa5a6bfb', 42, '', '2020-12-24', '11:09:20', '2020-12-24 15:39:24'),
(197, 'YGKd5603373bfcca97581d7950a', '9eb75501aa5a6bfb', 43, '', '2020-12-24', '11:09:20', '2020-12-24 15:39:24'),
(198, 'YGKd5603373bfcca97581d7950a', '9eb75501aa5a6bfb', 44, '', '2020-12-24', '11:09:20', '2020-12-24 15:39:24'),
(199, 'YGKd5603373bfcca97581d7950a', '9eb75501aa5a6bfb', 45, '', '2020-12-24', '11:09:20', '2020-12-24 15:39:25'),
(200, 'YGKd5603373bfcca97581d7950a', '9eb75501aa5a6bfb', 46, '', '2020-12-24', '11:09:20', '2020-12-24 15:39:25'),
(201, 'YGKd5603373bfcca97581d7950a', '9eb75501aa5a6bfb', 47, '', '2020-12-24', '11:09:20', '2020-12-24 15:39:25'),
(202, 'YGKd5603373bfcca97581d7950a', '9eb75501aa5a6bfb', 48, '', '2020-12-24', '11:09:20', '2020-12-24 15:39:25'),
(203, 'YGKd5603373bfcca97581d7950a', '9eb75501aa5a6bfb', 49, '', '2020-12-24', '11:09:20', '2020-12-24 15:39:25'),
(204, 'YGKd5603373bfcca97581d7950a', '9eb75501aa5a6bfb', 50, '', '2020-12-24', '11:09:20', '2020-12-24 15:39:25'),
(205, 'YGKd5603373bfcca97581d7950a', '9eb75501aa5a6bfb', 51, '', '2020-12-24', '11:09:20', '2020-12-24 15:39:25'),
(206, 'YGKd5603373bfcca97581d7950a', '9eb75501aa5a6bfb', 52, '', '2020-12-24', '11:09:20', '2020-12-24 15:39:25'),
(207, 'YGKd5603373bfcca97581d7950a', '9eb75501aa5a6bfb', 53, '', '2020-12-24', '11:09:20', '2020-12-24 15:39:25'),
(208, 'YGKd5603373bfcca97581d7950a', '9eb75501aa5a6bfb', 54, '', '2020-12-24', '11:09:20', '2020-12-24 15:39:25'),
(209, 'YGKd5603373bfcca97581d7950a', '9eb75501aa5a6bfb', 55, '', '2020-12-24', '11:09:20', '2020-12-24 15:39:25'),
(210, 'YGKd5603373bfcca97581d7950a', '9eb75501aa5a6bfb', 56, '', '2020-12-24', '11:09:20', '2020-12-24 15:39:25'),
(211, 'YGKd5603373bfcca97581d7950a', '9eb75501aa5a6bfb', 57, '', '2020-12-24', '11:09:20', '2020-12-24 15:39:25'),
(212, 'YGKd5603373bfcca97581d7950a', '9eb75501aa5a6bfb', 58, '', '2020-12-24', '11:09:20', '2020-12-24 15:39:25'),
(213, 'YGKd5603373bfcca97581d7950a', '9eb75501aa5a6bfb', 59, '', '2020-12-24', '11:09:20', '2020-12-24 15:39:25'),
(214, 'YGKd5603373bfcca97581d7950a', '9eb75501aa5a6bfb', 60, '', '2020-12-24', '11:09:20', '2020-12-24 15:39:25'),
(215, 'YGKd5603373bfcca97581d7950a', '9eb75501aa5a6bfb', 61, '', '2020-12-24', '11:09:20', '2020-12-24 15:39:25'),
(216, 'YGKd5603373bfcca97581d7950a', '9eb75501aa5a6bfb', 62, '', '2020-12-24', '11:09:20', '2020-12-24 15:39:25'),
(217, 'YGKd5603373bfcca97581d7950a', '9eb75501aa5a6bfb', 63, '', '2020-12-24', '11:09:20', '2020-12-24 15:39:25'),
(218, 'YGKd5603373bfcca97581d7950a', '9eb75501aa5a6bfb', 64, '', '2020-12-24', '11:09:20', '2020-12-24 15:39:25'),
(219, 'YGKd5603373bfcca97581d7950a', '9eb75501aa5a6bfb', 65, '', '2020-12-24', '11:09:20', '2020-12-24 15:39:25'),
(220, 'YGKd5603373bfcca97581d7950a', '9eb75501aa5a6bfb', 66, '', '2020-12-24', '11:09:20', '2020-12-24 15:39:25'),
(221, 'YGKd5603373bfcca97581d7950a', '9eb75501aa5a6bfb', 67, '', '2020-12-24', '11:09:20', '2020-12-24 15:39:25'),
(222, 'YGKd5603373bfcca97581d7950a', '9eb75501aa5a6bfb', 68, '', '2020-12-24', '11:09:20', '2020-12-24 15:39:25'),
(223, 'YGKd5603373bfcca97581d7950a', '9eb75501aa5a6bfb', 69, '', '2020-12-24', '11:09:20', '2020-12-24 15:39:25'),
(224, 'YGKd5603373bfcca97581d7950a', '9eb75501aa5a6bfb', 70, '', '2020-12-24', '11:09:20', '2020-12-24 15:39:25'),
(225, 'YGKd5603373bfcca97581d7950a', '9eb75501aa5a6bfb', 71, '', '2020-12-24', '11:09:20', '2020-12-24 15:39:25'),
(226, 'YGKd5603373bfcca97581d7950a', '9eb75501aa5a6bfb', 72, '', '2020-12-24', '11:09:20', '2020-12-24 15:39:26'),
(227, 'YGKd5603373bfcca97581d7950a', '9eb75501aa5a6bfb', 73, '', '2020-12-24', '11:09:20', '2020-12-24 15:39:26'),
(228, 'YGKd5603373bfcca97581d7950a', '9eb75501aa5a6bfb', 74, '', '2020-12-24', '11:09:20', '2020-12-24 15:39:26'),
(229, 'YGKd5603373bfcca97581d7950a', '9eb75501aa5a6bfb', 75, '', '2020-12-24', '11:09:20', '2020-12-24 15:39:26'),
(230, 'YGKd5603373bfcca97581d7950a', '9eb75501aa5a6bfb', 76, '', '2020-12-24', '11:09:20', '2020-12-24 15:39:26'),
(231, 'YGKd5603373bfcca97581d7950a', '9eb75501aa5a6bfb', 77, '', '2020-12-24', '11:09:20', '2020-12-24 15:39:26'),
(232, 'YGK55db7360991ff0c844674cb0', '6f3f5bbfcf3d467b', 1, '2', '2020-12-28', '12:43:42', '2020-12-28 17:13:42'),
(233, 'YGK55db7360991ff0c844674cb0', '6f3f5bbfcf3d467b', 2, '1', '2020-12-28', '12:43:42', '2020-12-28 17:13:42'),
(234, 'YGK55db7360991ff0c844674cb0', '6f3f5bbfcf3d467b', 3, '2', '2020-12-28', '12:43:42', '2020-12-28 17:13:42'),
(235, 'YGK55db7360991ff0c844674cb0', '6f3f5bbfcf3d467b', 4, 'w', '2020-12-28', '12:43:42', '2020-12-28 17:13:42'),
(236, 'YGK55db7360991ff0c844674cb0', '6f3f5bbfcf3d467b', 5, 'q', '2020-12-28', '12:43:42', '2020-12-28 17:13:42'),
(237, 'YGK0eeb690be53b4502a21a6b0c', '4694c3f952dc4c4e', 1, '2', '2020-12-28', '12:44:39', '2020-12-28 17:14:39'),
(238, 'YGK0eeb690be53b4502a21a6b0c', '4694c3f952dc4c4e', 2, '1', '2020-12-28', '12:44:39', '2020-12-28 17:14:39'),
(239, 'YGK0eeb690be53b4502a21a6b0c', '4694c3f952dc4c4e', 3, '2', '2020-12-28', '12:44:39', '2020-12-28 17:14:39'),
(240, 'YGK0eeb690be53b4502a21a6b0c', '4694c3f952dc4c4e', 4, 'w', '2020-12-28', '12:44:39', '2020-12-28 17:14:39'),
(241, 'YGK0eeb690be53b4502a21a6b0c', '4694c3f952dc4c4e', 5, 'q', '2020-12-28', '12:44:39', '2020-12-28 17:14:39'),
(242, 'YGK9033836256405e07600aee20', 'b048881b2e1177ca', 1, '2', '2020-12-28', '12:46:49', '2020-12-28 17:16:50'),
(243, 'YGK9033836256405e07600aee20', 'b048881b2e1177ca', 2, '1', '2020-12-28', '12:46:49', '2020-12-28 17:16:50'),
(244, 'YGK9033836256405e07600aee20', 'b048881b2e1177ca', 3, '2', '2020-12-28', '12:46:49', '2020-12-28 17:16:50'),
(245, 'YGK9033836256405e07600aee20', 'b048881b2e1177ca', 4, 'w', '2020-12-28', '12:46:49', '2020-12-28 17:16:50'),
(246, 'YGK9033836256405e07600aee20', 'b048881b2e1177ca', 5, 'q', '2020-12-28', '12:46:49', '2020-12-28 17:16:50'),
(247, 'YGK961dcb838e54e739da1c9a92', 'f011f4140bd60943', 1, '2', '2020-12-28', '12:48:07', '2020-12-28 17:18:08'),
(248, 'YGK961dcb838e54e739da1c9a92', 'f011f4140bd60943', 2, 'addc', '2020-12-28', '12:48:07', '2020-12-28 17:18:08'),
(249, 'YGK961dcb838e54e739da1c9a92', 'f011f4140bd60943', 3, '2', '2020-12-28', '12:48:07', '2020-12-28 17:18:08'),
(250, 'YGK961dcb838e54e739da1c9a92', 'f011f4140bd60943', 4, 'w', '2020-12-28', '12:48:07', '2020-12-28 17:18:08'),
(251, 'YGK961dcb838e54e739da1c9a92', 'f011f4140bd60943', 5, 'q', '2020-12-28', '12:48:07', '2020-12-28 17:18:08'),
(252, 'YGK5f919cbbc60828a674b104fc', '13576dd2a3d356a6', 1, '2', '2020-12-28', '13:00:50', '2020-12-28 17:30:50'),
(253, 'YGK5f919cbbc60828a674b104fc', '13576dd2a3d356a6', 2, '1', '2020-12-28', '13:00:50', '2020-12-28 17:30:50'),
(254, 'YGK5f919cbbc60828a674b104fc', '13576dd2a3d356a6', 3, '2', '2020-12-28', '13:00:50', '2020-12-28 17:30:50'),
(255, 'YGK5f919cbbc60828a674b104fc', '13576dd2a3d356a6', 4, 'w', '2020-12-28', '13:00:50', '2020-12-28 17:30:50'),
(256, 'YGK5f919cbbc60828a674b104fc', '13576dd2a3d356a6', 5, 'q', '2020-12-28', '13:00:50', '2020-12-28 17:30:50');

-- --------------------------------------------------------

--
-- Table structure for table `drugsname_female`
--

CREATE TABLE `drugsname_female` (
  `drg_id` int(11) NOT NULL,
  `Drg_name` varchar(225) NOT NULL,
  `status` tinyint(1) NOT NULL DEFAULT 1,
  `Date` date NOT NULL,
  `time` time NOT NULL,
  `DateTime` datetime NOT NULL DEFAULT current_timestamp()
) ENGINE=InnoDB DEFAULT CHARSET=utf8mb4;

--
-- Dumping data for table `drugsname_female`
--

INSERT INTO `drugsname_female` (`drg_id`, `Drg_name`, `status`, `Date`, `time`, `DateTime`) VALUES
(1, ' Amitriptyline Metabolization \r\n', 1, '2020-12-24', '15:13:15', '2020-12-24 15:14:44'),
(2, ' Citalopram Metabolization', 1, '2020-12-24', '15:13:15', '2020-12-24 15:14:44'),
(3, ' Clomipramine Metabolization', 1, '2020-12-24', '15:14:59', '2020-12-24 15:15:26'),
(4, ' Clozapine Metabolization', 1, '2020-12-24', '15:14:59', '2020-12-24 15:15:26'),
(5, ' Cyclosporine Metabolization', 1, '2020-12-24', '15:15:33', '2020-12-24 15:15:57'),
(6, ' Diazepam Metabolization', 1, '2020-12-24', '15:15:33', '2020-12-24 15:15:57'),
(7, ' Disulfiram (Antabuse) and alcoholism', 1, '2020-12-24', '15:16:04', '2020-12-24 15:16:31'),
(8, ' Escitalopram Metabolization', 1, '2020-12-24', '15:16:04', '2020-12-24 15:16:31'),
(9, ' Esomeprazole Metabolization', 1, '2020-12-24', '15:16:40', '2020-12-24 15:17:10'),
(10, ' Lansoprazole Metabolization', 1, '2020-12-24', '15:16:40', '2020-12-24 15:17:10'),
(11, 'Metabolization of Clopidogrel ', 1, '2020-12-24', '16:28:01', '2020-12-24 16:28:29'),
(12, 'Metabolization of Prasugrel', 1, '2020-12-24', '16:28:01', '2020-12-24 16:28:29'),
(13, 'Metabolization of Ticagrelor', 1, '2020-12-24', '16:28:33', '2020-12-24 16:29:03'),
(14, 'Methotrexate and side effects in rheumatoid arthritis', 1, '2020-12-24', '16:28:33', '2020-12-24 16:29:03'),
(15, 'Methotrexate response in arthritis', 1, '2020-12-24', '16:29:09', '2020-12-24 16:29:36'),
(16, 'Omeprazole Metabolization', 1, '2020-12-24', '16:29:09', '2020-12-24 16:29:36'),
(17, 'Pantoprazole Metabolization', 1, '2020-12-24', '16:29:52', '2020-12-24 16:30:22'),
(18, 'Rabeprazole Metabolization', 1, '2020-12-24', '16:29:52', '2020-12-24 16:30:22'),
(19, 'Response to Cyclophosphamide (and other chemotherapeutic agents) in breast cancer', 1, '2020-12-24', '16:30:37', '2020-12-24 16:31:02'),
(20, 'Selection of Prasugrel, Ticagrelor and Clopidogrel in Cardiovascular Diseases', 1, '2020-12-24', '16:30:37', '2020-12-24 16:31:02'),
(21, 'Sertraline Metabolization', 1, '2020-12-24', '16:31:11', '2020-12-24 16:31:32'),
(22, 'Statins and myopathy', 1, '2020-12-24', '16:31:11', '2020-12-24 16:31:32'),
(23, 'Voriconazole Metabolization', 1, '2020-12-24', '16:32:05', '2020-12-24 16:32:30'),
(24, 'Abacavir hypersensitivity', 1, '2020-12-24', '16:32:05', '2020-12-24 16:32:30'),
(25, 'Acenocoumarol and Phenprocoumon Metabolization', 1, '2020-12-24', '16:32:34', '2020-12-24 16:33:01'),
(26, 'Acetaldehyde toxicity ', 1, '2020-12-24', '16:32:34', '2020-12-24 16:33:01'),
(27, 'Aripiprazole Metabolization', 1, '2020-12-24', '16:33:42', '2020-12-24 16:34:06'),
(28, 'Brexpiprazole Metabolization', 1, '2020-12-24', '16:33:42', '2020-12-24 16:34:06'),
(29, 'Carbamazepine Metabolization', 1, '2020-12-24', '16:34:10', '2020-12-24 16:34:34'),
(30, 'Cardiovascular diseases and response to pravastatin ', 1, '2020-12-24', '16:34:10', '2020-12-24 16:34:34'),
(31, 'Celecoxib Metabolization', 1, '2020-12-24', '16:34:41', '2020-12-24 16:35:15'),
(32, 'Codeine Metabolization', 1, '2020-12-24', '16:34:41', '2020-12-24 16:35:15'),
(33, 'Desipramine Metabolization', 1, '2020-12-24', '16:35:23', '2020-12-24 16:35:58'),
(34, 'Fluoropyrimidines Metabolization (Fluorouracil, Capecitabine, Tegafur)', 1, '2020-12-24', '16:35:23', '2020-12-24 16:35:58'),
(35, 'Fluorouracil toxicity', 1, '2020-12-24', '16:36:06', '2020-12-24 16:36:32'),
(36, 'Fluoxetine Metabolization', 1, '2020-12-24', '16:36:06', '2020-12-24 16:36:32'),
(37, 'Fluvoxamine Metabolization', 1, '2020-12-24', '16:37:13', '2020-12-24 16:37:47'),
(38, 'Glipizide Metabolization', 1, '2020-12-24', '16:37:13', '2020-12-24 16:37:47'),
(39, 'Haloperidol Metabolization', 1, '2020-12-24', '16:37:53', '2020-12-24 16:38:25'),
(40, 'Hepatitis C response to treatment', 1, '2020-12-24', '16:37:53', '2020-12-24 16:38:25'),
(41, 'Iloperidone Metabolization', 1, '2020-12-24', '16:38:29', '2020-12-24 16:39:03'),
(42, 'Irinotecan and colorectal cancer', 1, '2020-12-24', '16:38:29', '2020-12-24 16:39:03'),
(43, 'Ivacaftor and Cystic Fibrosis', 1, '2020-12-24', '16:39:20', '2020-12-24 16:39:49'),
(44, 'Mercaptopurine Metabolization', 1, '2020-12-24', '16:39:20', '2020-12-24 16:39:49'),
(45, 'Metoprolol Metabolization', 1, '2020-12-24', '16:40:02', '2020-12-24 16:40:28'),
(46, 'Mipomersen and familial hypercholesterolemia', 1, '2020-12-24', '16:40:02', '2020-12-24 16:40:28'),
(47, 'Nortriptyline Metabolization', 1, '2020-12-24', '16:40:40', '2020-12-24 16:41:11'),
(48, 'Paroxetin Metabolization', 1, '2020-12-24', '16:40:40', '2020-12-24 16:41:11'),
(49, 'Perphenazine Metabolization ', 1, '2020-12-24', '16:41:18', '2020-12-24 16:42:00'),
(50, 'Phenytoin Metabolization', 1, '2020-12-24', '16:41:18', '2020-12-24 16:42:00'),
(51, 'Phenytoin sensitivity', 1, '2020-12-24', '16:42:05', '2020-12-24 16:42:38'),
(52, 'Pimozide Metabolization', 1, '2020-12-24', '16:42:05', '2020-12-24 16:42:38'),
(53, 'Propranolol Metabolization', 1, '2020-12-24', '16:42:42', '2020-12-24 16:43:12'),
(54, 'Pseudocholinesterase deficiency', 1, '2020-12-24', '16:42:42', '2020-12-24 16:43:12'),
(55, 'Response to Valproic Acid and adverse effects', 1, '2020-12-24', '16:43:16', '2020-12-24 16:44:49'),
(56, 'Risperidone Metabolization', 1, '2020-12-24', '16:43:16', '2020-12-24 16:44:49'),
(57, 'Sulfonylurea metabolism', 1, '2020-12-24', '16:44:54', '2020-12-24 16:45:50'),
(58, 'Tacrolimus Metabolization in Transplants', 1, '2020-12-24', '16:44:54', '2020-12-24 16:45:50'),
(59, 'Thiopurine methyltransferase enzyme activity', 1, '2020-12-24', '16:45:54', '2020-12-24 16:46:24'),
(60, 'Tramadol Metabolization ', 1, '2020-12-24', '16:45:54', '2020-12-24 16:46:24'),
(61, 'Venlafaxine Metabolization', 1, '2020-12-24', '16:46:33', '2020-12-24 16:47:00'),
(62, 'Warfarin Metabolization', 1, '2020-12-24', '16:46:33', '2020-12-24 16:47:00'),
(63, 'Zuclopenthixol Metabolization', 1, '2020-12-24', '16:47:40', '2020-12-24 16:48:30'),
(64, 'Antidepressants and Blood-Brain Barrier', 1, '2020-12-24', '16:47:40', '2020-12-24 16:48:30'),
(65, 'Antidiabetics Response (sulphonylureas)', 1, '2020-12-24', '16:48:37', '2020-12-24 16:49:03'),
(66, 'Aspirin and asthma', 1, '2020-12-24', '16:48:37', '2020-12-24 16:49:03'),
(67, 'Aspirin and cardiovascular risk', 1, '2020-12-24', '16:49:08', '2020-12-24 16:49:46'),
(68, 'Aspirin and colorectal cancer', 1, '2020-12-24', '16:49:08', '2020-12-24 16:49:46'),
(69, 'Asthma and inhaled corticosteroids', 1, '2020-12-24', '16:50:02', '2020-12-24 16:50:19'),
(70, 'Cabozantinib response and medullary thyroid cancer', 1, '2020-12-24', '16:50:02', '2020-12-24 16:50:19'),
(71, 'Caffeine metabolism', 1, '2020-12-24', '16:51:45', '2020-12-24 16:52:22'),
(72, 'Cisplatine response', 1, '2020-12-24', '16:51:45', '2020-12-24 16:52:22'),
(73, 'Donepezil Metabolization (applicable to Galantamine)', 1, '2020-12-24', '16:52:57', '2020-12-24 16:53:09'),
(74, 'Fentanyl Metabolization', 1, '2020-12-24', '16:52:34', '2020-12-24 16:53:09'),
(75, 'Gemcitabine Response in pancreatic cancer', 1, '2020-12-24', '16:53:13', '2020-12-24 16:53:39'),
(76, 'Glimepiride, Glyburide and Glicazide Metabolization', 1, '2020-12-24', '16:53:13', '2020-12-24 16:53:39'),
(77, 'High blood pressure treatment with common drugs ', 1, '2020-12-24', '16:53:44', '2020-12-24 16:54:22'),
(78, 'Metformin response', 1, '2020-12-24', '16:53:44', '2020-12-24 16:54:22'),
(79, 'Paclitaxel (chemotherapy) and development of neuropathies ', 1, '2020-12-24', '16:54:34', '2020-12-24 16:55:02'),
(80, 'Paclitaxel Metabolization (chemotherapy) and toxicity', 1, '2020-12-24', '16:54:34', '2020-12-24 16:55:02'),
(81, 'Palonosetron Metabolization', 1, '2020-12-24', '16:55:10', '2020-12-24 16:55:36'),
(82, 'Response to Chlorthalidone', 1, '2020-12-24', '16:55:10', '2020-12-24 16:55:36'),
(83, 'Response to olaparib in breast and ovarian cancer', 1, '2020-12-24', '16:56:52', '2020-12-24 16:57:19'),
(84, 'Response to -blockers (Metoprolol, Carvedilol, Propranolol)', 1, '2020-12-24', '16:56:52', '2020-12-24 16:57:19'),
(85, 'Risperidone Response', 1, '2020-12-24', '16:57:35', '2020-12-24 16:58:03'),
(86, 'Tamoxifen Metabolization in Breast Cancer (Prognosis)', 1, '2020-12-24', '16:57:35', '2020-12-24 16:58:03'),
(87, 'Tolbutamide Metabolization', 1, '2020-12-24', '16:58:09', '2020-12-24 16:58:33'),
(88, 'Ziprasidone Response', 1, '2020-12-24', '16:58:08', '2020-12-24 16:58:33'),
(89, 'Acenocoumarol and Phenprocoumon Response', 1, '2020-12-24', '16:58:38', '2020-12-24 16:59:04'),
(90, 'Adjuvant chemotherapy in primary breast cancer. Trastuzumab (Herceptin)', 1, '2020-12-24', '16:58:38', '2020-12-24 16:59:04'),
(91, 'Atenolol Response ', 1, '2020-12-24', '16:59:11', '2020-12-24 16:59:42'),
(92, 'Bevacizumab response in Colorectal Cancer', 1, '2020-12-24', '16:59:11', '2020-12-24 16:59:42'),
(93, 'Carbamazepine and side effects', 1, '2020-12-24', '16:59:48', '2020-12-24 17:00:20'),
(94, 'Carisoprodol Metabolization', 1, '2020-12-24', '16:59:48', '2020-12-24 17:00:20'),
(95, 'Clobazam Metabolization ', 1, '2020-12-24', '17:00:25', '2020-12-24 17:00:59'),
(96, 'Cyclophosphamide Toxicity (and other chemotherapeutic agents)', 1, '2020-12-24', '17:00:25', '2020-12-24 17:00:59'),
(97, 'Duloxetine Response', 1, '2020-12-24', '17:01:03', '2020-12-24 17:01:37'),
(98, 'Floxacillin toxicity', 1, '2020-12-24', '17:01:03', '2020-12-24 17:01:37'),
(99, 'Fluoxetine, Citalopram and Escitalopram Response', 1, '2020-12-24', '17:01:59', '2020-12-24 17:02:24'),
(100, 'Gefitinib and lung cancer', 1, '2020-12-24', '17:01:59', '2020-12-24 17:02:24'),
(101, 'Gemcitabine and pancreatic cancer', 1, '2020-12-24', '17:02:30', '2020-12-24 17:02:51'),
(102, 'Iloperidone and prolongation of the QTc interval', 1, '2020-12-24', '17:02:30', '2020-12-24 17:02:51'),
(103, 'LUM/IVA and Cystic Fibrosis', 1, '2020-12-24', '17:02:56', '2020-12-24 17:03:27'),
(104, 'Methotrexate and response to transplants', 1, '2020-12-24', '17:02:56', '2020-12-24 17:03:27'),
(105, 'Methotrexate and side effects in cancer treatment', 1, '2020-12-24', '17:03:59', '2020-12-24 17:04:35'),
(106, 'Mirtazapine Response', 1, '2020-12-24', '17:03:59', '2020-12-24 17:04:35'),
(107, 'Naltrexone and alcoholism', 1, '2020-12-24', '17:04:45', '2020-12-24 17:05:20'),
(108, 'Nelfinavir Metabolization (HIV)', 1, '2020-12-24', '17:04:45', '2020-12-24 17:05:20'),
(109, 'Olanzapine and weight gain', 1, '2020-12-24', '17:05:35', '2020-12-24 17:06:02'),
(110, 'Opioids Response (Morphine, Oxycodone and Fentanyl) ', 1, '2020-12-24', '17:05:35', '2020-12-24 17:06:02'),
(111, 'Paclitaxel Response (chemotherapy)', 1, '2020-12-24', '17:07:22', '2020-12-24 17:07:53'),
(112, 'Response to Furosemide and Torasemide', 1, '2020-12-24', '17:07:22', '2020-12-24 17:07:53'),
(113, 'Response to Hydrochlorothiazide', 1, '2020-12-24', '17:07:58', '2020-12-24 17:08:26'),
(114, 'Response to Lithium in Bipolar Disorder', 1, '2020-12-24', '17:07:58', '2020-12-24 17:08:26'),
(115, 'Response to imatinib', 1, '2020-12-24', '17:08:37', '2020-12-24 17:09:03'),
(116, 'Risperidone and weight gain ', 1, '2020-12-24', '17:08:37', '2020-12-24 17:09:03'),
(117, 'Rosiglitazone response in diabetics', 1, '2020-12-24', '17:09:24', '2020-12-24 17:09:52'),
(118, 'Sildenafil effect (Viagra®)', 1, '2020-12-24', '17:09:24', '2020-12-24 17:09:52'),
(119, 'Simvastatin Metabolization', 1, '2020-12-24', '17:10:02', '2020-12-24 17:10:24'),
(120, 'Venlafaxine Response', 1, '2020-12-24', '17:10:02', '2020-12-24 17:10:24'),
(121, 'Vincristine Response', 1, '2020-12-24', '17:10:46', '2020-12-24 17:11:19'),
(122, 'Warfarin Response', 1, '2020-12-24', '17:10:46', '2020-12-24 17:11:19'),
(123, 'Alfentanil Response', 1, '2020-12-24', '17:11:25', '2020-12-24 17:12:07'),
(124, 'Antipsychotics and weight gain (amisulpride, aripiprazole, clozapine, olanzapine, \r\nhaloperidol, quetiapine, risperidone, ziprasidone, palperidone)', 1, '2020-12-24', '17:11:25', '2020-12-24 17:12:07'),
(125, 'Aspirin resistance and prothrombotic effect', 1, '2020-12-24', '17:11:26', '2020-12-24 17:12:36'),
(126, 'Bisoprolol Response', 1, '2020-12-24', '17:12:13', '2020-12-24 17:12:36'),
(127, 'Bupropion and Side Effects ', 1, '2020-12-24', '17:13:48', '2020-12-24 17:14:18'),
(128, 'COPD treatment (Combined corticosteroid + B2 agonist treatment) ', 1, '2020-12-24', '17:13:48', '2020-12-24 17:14:18'),
(129, 'Carvedilol Metabolization', 1, '2020-12-24', '17:14:24', '2020-12-24 17:14:49'),
(130, 'Docetaxel and Leukopenia/neutropenia', 1, '2020-12-24', '17:14:24', '2020-12-24 17:14:49'),
(131, 'Gemcitabine Response in breast cancer', 1, '2020-12-24', '17:14:54', '2020-12-24 17:15:07'),
(132, 'Gemcitabine Response in mesothelioma', 1, '2020-12-24', '17:15:03', '2020-12-24 17:15:35'),
(133, 'Gemcitabine Response in non-small cell lung cancer', 1, '2020-12-24', '17:15:11', '2020-12-24 17:15:35'),
(134, 'Gemcitabine Toxicity in pancreatic cancer', 1, '2020-12-24', '17:15:42', '2020-12-24 17:16:13'),
(135, 'Hypersensitivity to Vaccination ', 1, '2020-12-24', '17:15:42', '2020-12-24 17:16:13'),
(136, 'Iloperidone response', 1, '2020-12-24', '17:16:19', '2020-12-24 17:16:52'),
(137, 'Methadone. Heroin addiction', 1, '2020-12-24', '17:16:19', '2020-12-24 17:16:52'),
(138, 'Montelukast metabolization', 1, '2020-12-24', '17:17:00', '2020-12-24 17:17:37'),
(139, 'Montelukast response', 1, '2020-12-24', '17:17:00', '2020-12-24 17:17:37'),
(140, 'Morphine and adverse effects ', 1, '2020-12-24', '17:18:11', '2020-12-24 17:18:43'),
(141, 'Nelfinavir Response (HIV)', 1, '2020-12-24', '17:18:11', '2020-12-24 17:18:43'),
(142, 'Olanzapine and schizophrenia', 1, '2020-12-24', '17:18:52', '2020-12-24 17:19:14'),
(143, 'Paclitaxel (chemotherapy) and development of hematotoxicity', 1, '2020-12-24', '17:18:52', '2020-12-24 17:19:14'),
(144, 'Quetiapine Metabolization', 1, '2020-12-24', '17:19:21', '2020-12-24 17:20:20'),
(145, 'Response to Acetylcholinesterase Inhibitors (ChEIs) in Alzheimer\'s disease \r\n(galantamine, donepezil, rivastigmine)\r\n', 1, '2020-12-24', '17:19:21', '2020-12-24 17:20:20'),
(146, 'Sexual dysfunction in response to SSRIs', 1, '2020-12-24', '17:20:24', '2020-12-24 17:20:56'),
(147, 'Vincristine Metabolization ', 1, '2020-12-24', '17:20:24', '2020-12-24 17:20:56'),
(148, 'Vincristine and adverse effects', 1, '2020-12-24', '17:21:05', '2020-12-24 17:21:29'),
(149, 'Voriconazole and cell transporters', 1, '2020-12-24', '17:21:01', '2020-12-24 17:21:29');

-- --------------------------------------------------------

--
-- Table structure for table `drugsname_male`
--

CREATE TABLE `drugsname_male` (
  `drg_id` int(11) NOT NULL,
  `Drg_name` varchar(225) NOT NULL,
  `status` tinyint(1) NOT NULL DEFAULT 1,
  `date` date NOT NULL,
  `time` time NOT NULL,
  `datetime` timestamp NOT NULL DEFAULT current_timestamp()
) ENGINE=InnoDB DEFAULT CHARSET=utf8mb4;

--
-- Dumping data for table `drugsname_male`
--

INSERT INTO `drugsname_male` (`drg_id`, `Drg_name`, `status`, `date`, `time`, `datetime`) VALUES
(1, 'Acenocoumarol and Phenprocoumo', 1, '2020-12-21', '10:10:04', '2020-12-21 04:41:35'),
(2, 'Amitriptyline Metabolization ', 1, '2020-12-21', '10:10:05', '2020-12-21 04:41:35'),
(3, 'Celecoxib Metabolization ', 1, '2020-12-21', '10:11:53', '2020-12-21 04:42:39'),
(4, 'Citalopram Metabolization ', 1, '2020-12-21', '10:11:53', '2020-12-21 04:42:39'),
(5, 'Clomipramine Metabolization ', 1, '2020-12-21', '10:12:54', '2020-12-21 04:43:34'),
(6, 'Clozapine Metabolization ', 1, '2020-12-21', '10:12:54', '2020-12-21 04:43:34'),
(7, 'Cyclosporine Metabolization ', 1, '2020-12-21', '10:13:54', '2020-12-21 04:44:30'),
(8, 'Diazepam Metabolization ', 1, '2020-12-21', '10:13:54', '2020-12-21 04:44:30'),
(9, 'Disulfiram (Antabuse) and alcoholism ', 1, '2020-12-21', '10:14:55', '2020-12-21 04:45:33'),
(10, 'Escitalopram Metabolization ', 1, '2020-12-21', '10:14:55', '2020-12-21 04:45:33'),
(11, 'Esomeprazole Metabolization', 1, '2020-12-23', '13:43:05', '2020-12-23 08:14:32'),
(12, 'Glipizide Metabolization', 1, '2020-12-23', '13:43:05', '2020-12-23 08:14:32'),
(13, '  Lansoprazole Metabolization \r\n', 1, '2020-12-23', '13:54:45', '2020-12-23 08:25:20'),
(14, ' Mercaptopurine Metabolization', 1, '2020-12-23', '13:54:45', '2020-12-23 08:25:20'),
(15, 'Metabolization of Clopidogrel ', 1, '2020-12-23', '13:55:56', '2020-12-23 08:27:19'),
(16, '  Metabolization of Prasugrel', 1, '2020-12-23', '13:55:56', '2020-12-23 08:27:19'),
(17, '  Metabolization of Ticagrelor \r\n', 1, '2020-12-23', '13:58:46', '2020-12-23 08:29:20'),
(18, ' Methotrexate response in arthritis', 1, '2020-12-23', '13:58:46', '2020-12-23 08:29:20'),
(19, 'Omeprazole Metabolization', 1, '2020-12-23', '14:35:10', '2020-12-23 09:06:03'),
(20, 'Pantoprazole Metabolization', 1, '2020-12-23', '14:35:11', '2020-12-23 09:06:03'),
(21, 'Phenytoin Metabolization', 1, '2020-12-23', '14:36:33', '2020-12-23 09:07:41'),
(22, 'Rabeprazole Metabolization', 1, '2020-12-23', '14:36:33', '2020-12-23 09:07:41'),
(23, 'Selection of Prasugrel, Ticagrelor and Clopidogrel in Cardiovascular Diseases ', 1, '2020-12-23', '14:38:01', '2020-12-23 09:08:57'),
(24, 'Sertraline Metabolization ', 1, '2020-12-23', '14:38:01', '2020-12-23 09:08:57'),
(25, 'Thiopurine methyltransferase enzyme activity ', 1, '2020-12-23', '14:39:17', '2020-12-23 09:09:57'),
(26, 'Voriconazole Metabolization ', 1, '2020-12-23', '14:39:17', '2020-12-23 09:09:57'),
(27, 'Warfarin Metabolization ', 1, '2020-12-23', '14:40:23', '2020-12-23 09:11:20'),
(28, 'Abacavir hypersensitivity ', 1, '2020-12-23', '14:40:23', '2020-12-23 09:11:20'),
(29, 'Acetaldehyde toxicity ', 1, '2020-12-23', '14:42:11', '2020-12-23 09:12:51'),
(30, 'Aripiprazole Metabolization ', 1, '2020-12-23', '14:42:11', '2020-12-23 09:12:51'),
(31, 'Brexpiprazole Metabolization ', 1, '2020-12-23', '14:44:49', '2020-12-23 09:16:44'),
(32, 'Carbamazepine Metabolization ', 1, '2020-12-23', '14:44:49', '2020-12-23 09:16:44'),
(33, 'Cardiovascular diseases and response to pravastatin ', 1, '2020-12-23', '14:47:30', '2020-12-23 09:18:36'),
(34, 'Codeine Metabolization ', 1, '2020-12-23', '14:47:30', '2020-12-23 09:18:36'),
(35, 'Desipramine Metabolization ', 1, '2020-12-23', '14:48:53', '2020-12-23 09:19:54'),
(36, 'Fluoropyrimidines Metabolization (Fluorouracil, Capecitabine, Tegafur) ', 1, '2020-12-23', '14:48:53', '2020-12-23 09:19:54'),
(37, 'Fluorouracil toxicity', 1, '2020-12-23', '14:48:54', '2020-12-23 09:21:47'),
(38, 'Fluoxetine Metabolization ', 1, '2020-12-23', '14:50:40', '2020-12-23 09:21:47'),
(39, 'Haloperidol Metabolization ', 1, '2020-12-23', '14:53:44', '2020-12-23 09:25:01'),
(40, 'Hepatitis C response to treatment ', 1, '2020-12-23', '14:53:45', '2020-12-23 09:25:01'),
(41, 'Iloperidone Metabolization ', 1, '2020-12-23', '14:55:20', '2020-12-23 09:26:08'),
(42, 'Irinotecan and colorectal cancer ', 1, '2020-12-23', '14:55:20', '2020-12-23 09:26:08'),
(43, 'Ivacaftor and Cystic Fibrosis ', 1, '2020-12-23', '14:57:12', '2020-12-23 09:27:48'),
(44, 'Methotrexate and side effects in rheumatoid arthritis ', 1, '2020-12-23', '14:57:12', '2020-12-23 09:27:48'),
(45, 'Metoprolol Metabolization ', 1, '2020-12-23', '14:58:29', '2020-12-23 09:29:10'),
(46, 'Mipomersen and familial hypercholesterolemia ', 1, '2020-12-23', '14:58:29', '2020-12-23 09:29:10'),
(47, 'Nortriptyline Metabolization ', 1, '2020-12-23', '14:59:31', '2020-12-23 09:30:03'),
(48, 'Paroxetin Metabolization ', 1, '2020-12-23', '14:59:31', '2020-12-23 09:30:03'),
(49, 'Perphenazine Metabolization ', 1, '2020-12-23', '15:00:30', '2020-12-23 09:31:04'),
(50, 'Phenytoin sensitivity ', 1, '2020-12-23', '15:00:30', '2020-12-23 09:31:04'),
(51, 'Pimozide Metabolization ', 1, '2020-12-23', '15:02:05', '2020-12-23 09:32:57'),
(52, 'Propranolol Metabolization ', 1, '2020-12-23', '15:02:05', '2020-12-23 09:32:57'),
(53, 'Pseudocholinesterase deficiency', 1, '2020-12-23', '15:03:06', '2020-12-23 09:34:25'),
(54, 'Response to Cyclophosphamide (and other chemotherapeutic agents) in breast cancer ', 1, '2020-12-23', '15:03:06', '2020-12-23 09:34:25'),
(55, 'Response to Valproic Acid and adverse effects ', 1, '2020-12-23', '15:05:25', '2020-12-23 09:36:42'),
(56, 'Risperidone Metabolization ', 1, '2020-12-23', '15:05:25', '2020-12-23 09:36:42'),
(57, 'Statins and myopathy ', 1, '2020-12-23', '15:07:00', '2020-12-23 09:37:52'),
(58, 'Sulfonylurea metabolism ', 1, '2020-12-23', '15:07:00', '2020-12-23 09:37:52'),
(59, 'Tacrolimus Metabolization in Transplants ', 1, '2020-12-23', '15:08:01', '2020-12-23 09:39:03'),
(60, 'Tramadol Metabolization ', 1, '2020-12-23', '15:08:01', '2020-12-23 09:39:03'),
(61, 'Venlafaxine Metabolization ', 1, '2020-12-23', '15:09:13', '2020-12-23 09:40:21'),
(62, 'Zuclopenthixol Metabolization ', 1, '2020-12-23', '15:09:13', '2020-12-23 09:40:21'),
(63, 'Antidepressants and Blood-Brain Barrier ', 1, '2020-12-23', '15:10:29', '2020-12-23 09:41:23'),
(64, 'Antidiabetics Response (sulphonylureas) ', 1, '2020-12-23', '15:10:29', '2020-12-23 09:41:23'),
(65, 'Aspirin and asthma ', 1, '2020-12-23', '15:11:28', '2020-12-23 09:42:39'),
(66, 'Aspirin and cardiovascular risk ', 1, '2020-12-23', '15:11:28', '2020-12-23 09:42:39'),
(67, 'Aspirin and colorectal cancer ', 1, '2020-12-23', '15:12:02', '2020-12-23 09:44:52'),
(68, 'Asthma and inhaled corticosteroids ', 1, '2020-12-23', '15:12:59', '2020-12-23 09:44:52'),
(69, 'Cabozantinib response and medullary thyroid cancer ', 1, '2020-12-23', '15:15:18', '2020-12-23 09:45:27'),
(70, 'Caffeine metabolism ', 1, '2020-12-23', '15:15:28', '2020-12-23 09:46:25'),
(71, 'Cisplatine response ', 1, '2020-12-23', '15:15:21', '2020-12-23 09:46:25'),
(72, 'Donepezil Metabolization (applicable to Galantamine) ', 1, '2020-12-23', '15:18:21', '2020-12-23 09:48:10'),
(73, 'Fentanyl Metabolization ', 1, '2020-12-23', '15:18:21', '2020-12-23 09:48:10'),
(74, 'Gemcitabine Response in pancreatic cancer ', 1, '2020-12-23', '15:18:15', '2020-12-23 09:49:22'),
(75, 'Glimepiride, Glyburide and Glicazide Metabolization ', 1, '2020-12-23', '15:18:15', '2020-12-23 09:49:22'),
(76, 'High blood pressure treatment with common drugs ', 1, '2020-12-23', '15:20:31', '2020-12-23 09:50:55'),
(77, 'Metformin response ', 1, '2020-12-23', '15:20:31', '2020-12-23 09:50:55'),
(78, 'Paclitaxel (chemotherapy) and development of neuropathies ', 1, '2020-12-23', '15:23:28', '2020-12-23 09:52:06'),
(79, 'Paclitaxel Metabolization (chemotherapy) and toxicity ', 1, '2020-12-23', '15:21:27', '2020-12-23 09:52:06'),
(80, 'Palonosetron Metabolization ', 1, '2020-12-23', '15:22:27', '2020-12-23 09:53:17'),
(81, 'Post-operative nausea and vomiting ', 1, '2020-12-23', '15:22:27', '2020-12-23 09:53:17'),
(82, 'Response to Chlorthalidone ', 1, '2020-12-23', '15:23:22', '2020-12-23 09:54:31'),
(83, 'Response to olaparib in breast and ovarian cancer ', 1, '2020-12-23', '15:23:22', '2020-12-23 09:54:31'),
(84, 'Response to -blockers (Metoprolol, Carvedilol, Propranolol) ', 1, '2020-12-23', '15:26:35', '2020-12-23 09:55:59'),
(85, 'Risperidone Response ', 1, '2020-12-23', '15:26:35', '2020-12-23 09:55:59'),
(86, 'Tamoxifen Metabolization in Breast Cancer (Prognosis) ', 1, '2020-12-23', '15:26:10', '2020-12-23 09:56:58'),
(87, 'Tolbutamide Metabolization ', 1, '2020-12-23', '15:27:10', '2020-12-23 09:56:58'),
(88, 'Ziprasidone Response ', 1, '2020-12-23', '15:27:08', '2020-12-23 09:57:48'),
(89, 'Acenocoumarol and Phenprocoumon Response ', 1, '2020-12-23', '15:28:08', '2020-12-23 09:57:48'),
(90, 'Adjuvant chemotherapy in primary breast cancer. Trastuzumab (Herceptin) ', 1, '2020-12-23', '15:28:07', '2020-12-23 09:58:34'),
(91, 'Atenolol Response ', 1, '2020-12-23', '15:28:09', '2020-12-23 09:58:34'),
(92, 'Bevacizumab response in Colorectal Cancer ', 1, '2020-12-23', '15:29:08', '2020-12-23 09:59:38'),
(93, 'Bleomycin and Testicular (germ cell ) Cancer ', 1, '2020-12-23', '15:30:08', '2020-12-23 09:59:38'),
(94, 'Bupropion (Zyban) ', 1, '2020-12-23', '15:30:54', '2020-12-23 10:00:27'),
(95, 'Carbamazepine and side effects ', 1, '2020-12-23', '15:31:54', '2020-12-23 10:00:27'),
(96, 'Carisoprodol Metabolization ', 1, '2020-12-23', '15:30:41', '2020-12-23 10:01:17'),
(97, 'Clobazam Metabolization ', 1, '2020-12-23', '15:30:41', '2020-12-23 10:01:17'),
(98, 'Cyclophosphamide Toxicity (and other chemotherapeutic agents) ', 1, '2020-12-23', '15:31:38', '2020-12-23 10:02:05'),
(99, 'Duloxetine Response ', 1, '2020-12-23', '15:31:38', '2020-12-23 10:02:05'),
(100, 'Floxacillin toxicity ', 1, '2020-12-23', '15:33:42', '2020-12-23 10:03:21'),
(101, 'Fluoxetine, Citalopram and Escitalopram Response ', 1, '2020-12-23', '15:32:45', '2020-12-23 10:03:21'),
(102, 'Gefitinib and lung cancer ', 1, '2020-12-23', '13:33:39', '2020-12-23 10:04:23'),
(103, 'Gemcitabine and pancreatic cancer ', 1, '2020-12-23', '15:33:40', '2020-12-23 10:04:23'),
(104, 'Iloperidone and prolongation of the QTc interval ', 1, '2020-12-23', '15:35:33', '2020-12-23 10:05:23'),
(105, 'LUM/IVA and Cystic Fibrosis ', 1, '2020-12-23', '15:34:34', '2020-12-23 10:05:23'),
(106, 'Methotrexate and response to transplants ', 1, '2020-12-23', '15:36:36', '2020-12-23 10:07:25'),
(107, 'Methotrexate and side effects in cancer treatment ', 1, '2020-12-23', '15:36:36', '2020-12-23 10:07:25'),
(108, 'Mirtazapine Response ', 1, '2020-12-23', '15:37:45', '2020-12-23 10:08:11'),
(109, 'Naltrexone and alcoholism ', 1, '2020-12-23', '15:37:45', '2020-12-23 10:08:11'),
(110, 'Nelfinavir Metabolization (HIV) ', 1, '2020-12-23', '15:38:35', '2020-12-23 10:09:21'),
(111, 'Olanzapine and weight gain ', 1, '2020-12-23', '15:38:38', '2020-12-23 10:09:21'),
(112, 'Opioids Response (Morphine, Oxycodone and Fentanyl) ', 1, '2020-12-23', '15:39:25', '2020-12-23 10:10:29'),
(113, 'Paclitaxel Response (chemotherapy)', 1, '2020-12-23', '15:39:25', '2020-12-23 10:10:29'),
(114, 'Response to Furosemide and Torasemide ', 1, '2020-12-23', '15:42:28', '2020-12-23 10:13:13'),
(115, 'Response to Hydrochlorothiazide ', 1, '2020-12-23', '15:42:29', '2020-12-23 10:13:13'),
(116, 'Response to Lithium in Bipolar Disorder ', 1, '2020-12-23', '15:43:46', '2020-12-23 10:13:57'),
(117, 'Response to imatinib ', 1, '2020-12-23', '15:44:02', '2020-12-23 10:14:55'),
(118, 'Risperidone and weight gain ', 1, '2020-12-23', '15:44:03', '2020-12-23 10:14:55'),
(119, 'Rosiglitazone response in diabetics ', 1, '2020-12-23', '15:45:11', '2020-12-23 10:15:55'),
(120, 'Simvastatin Metabolization ', 1, '2020-12-23', '15:45:13', '2020-12-23 10:15:55'),
(121, 'Venlafaxine Response ', 1, '2020-12-23', '15:46:39', '2020-12-23 10:17:16'),
(122, 'Vincristine Response ', 1, '2020-12-23', '15:46:39', '2020-12-23 10:17:16'),
(123, 'Warfarin Response ', 1, '2020-12-23', '15:47:39', '2020-12-23 10:18:12'),
(124, 'Alfentanil Response ', 1, '2020-12-23', '15:47:39', '2020-12-23 10:18:12'),
(125, 'Antipsychotics and weight gain ', 1, '2020-12-23', '15:48:24', '2020-12-23 10:19:59'),
(126, 'Aspirin resistance and prothrombotic effect ', 1, '2020-12-23', '15:48:24', '2020-12-23 10:19:59'),
(127, 'Bisoprolol Response ', 1, '2020-12-23', '15:54:41', '2020-12-23 10:25:21'),
(128, 'Bupropion and Side Effects ', 1, '2020-12-23', '15:54:41', '2020-12-23 10:25:21'),
(129, 'COPD treatment (Combined corticosteroid + B2 agonist treatment)', 1, '2020-12-23', '15:58:08', '2020-12-23 10:29:13'),
(130, 'Carvedilol Metabolization ', 1, '2020-12-23', '15:58:08', '2020-12-23 10:29:13'),
(131, 'Docetaxel and Leukopenia/neutropenia', 1, '2020-12-23', '15:59:43', '2020-12-23 10:30:27'),
(132, 'Gemcitabine Response in breast cancer ', 1, '2020-12-23', '15:59:43', '2020-12-23 10:30:27'),
(133, 'Gemcitabine Response in mesothelioma ', 1, '2020-12-23', '16:01:19', '2020-12-23 10:31:51'),
(134, 'Gemcitabine Response in non-small cell lung cancer ', 1, '2020-12-23', '16:01:19', '2020-12-23 10:31:51'),
(135, 'Gemcitabine Toxicity in pancreatic cancer', 1, '2020-12-23', '16:02:02', '2020-12-23 10:32:41'),
(136, 'Hypersensitivity to Vaccination ', 1, '2020-12-23', '16:02:02', '2020-12-23 10:32:41'),
(137, 'Iloperidone response', 1, '2020-12-23', '16:04:27', '2020-12-23 10:34:59'),
(138, 'Methadone. Heroin addiction', 1, '2020-12-23', '16:04:27', '2020-12-23 10:34:59'),
(139, 'Montelukast metabolization', 1, '2020-12-23', '16:05:35', '2020-12-23 10:36:00'),
(140, 'Montelukast response', 1, '2020-12-23', '16:05:35', '2020-12-23 10:36:00'),
(141, 'Morphine and adverse effects', 1, '2020-12-23', '16:06:18', '2020-12-23 10:36:53'),
(142, 'Nelfinavir Response (HIV)', 1, '2020-12-23', '16:06:18', '2020-12-23 10:36:53'),
(143, 'Olanzapine and schizophrenia', 1, '2020-12-23', '16:06:58', '2020-12-23 10:37:49'),
(144, 'Paclitaxel (chemotherapy) and development of hematotoxicity', 1, '2020-12-23', '16:06:58', '2020-12-23 10:37:49'),
(145, 'Quetiapine Metabolization', 1, '2020-12-23', '16:07:54', '2020-12-23 10:38:39'),
(146, 'Response to Acetylcholinesterase Inhibitors (ChEIs) in Alzheimer\'s disease (galantamine, donepezil, rivastigmine)\r\n', 1, '2020-12-23', '16:07:54', '2020-12-23 10:38:39'),
(147, 'Sexual dysfunction in response to SSRIs', 1, '2020-12-26', '16:08:42', '2020-12-23 10:40:07'),
(148, 'Sildenafil (Viagra) Response', 1, '2020-12-23', '16:08:42', '2020-12-23 10:40:07'),
(149, 'Vincristine Metabolization', 1, '2020-12-23', '16:11:10', '2020-12-23 10:41:33'),
(150, 'Vincristine and adverse effects', 1, '2020-12-23', '16:11:10', '2020-12-23 10:41:33'),
(151, 'Voriconazole and cell transporters ', 1, '2020-12-23', '16:12:04', '2020-12-23 10:42:16');

-- --------------------------------------------------------

--
-- Table structure for table `drugs_female`
--

CREATE TABLE `drugs_female` (
  `id` int(11) NOT NULL,
  `order_id` varchar(225) NOT NULL,
  `token` varchar(225) NOT NULL,
  `drg_id` int(11) NOT NULL,
  `DrugValue` varchar(225) NOT NULL,
  `date` date NOT NULL,
  `time` time NOT NULL,
  `datetime` datetime NOT NULL DEFAULT current_timestamp()
) ENGINE=InnoDB DEFAULT CHARSET=utf8mb4;

--
-- Dumping data for table `drugs_female`
--

INSERT INTO `drugs_female` (`id`, `order_id`, `token`, `drg_id`, `DrugValue`, `date`, `time`, `datetime`) VALUES
(1, 'YGKa679c5036df06d433a01c338', 'c7787893495e56f9', 1, 'q', '2020-12-24', '09:28:23', '2020-12-24 13:58:24'),
(2, 'YGKa679c5036df06d433a01c338', 'c7787893495e56f9', 2, 'frg', '2020-12-24', '09:28:23', '2020-12-24 13:58:25'),
(3, 'YGKa679c5036df06d433a01c338', 'c7787893495e56f9', 3, 'ssdf', '2020-12-24', '09:28:23', '2020-12-24 13:58:25'),
(4, 'YGKa679c5036df06d433a01c338', 'c7787893495e56f9', 4, 'dsw', '2020-12-24', '09:28:23', '2020-12-24 13:58:25'),
(5, 'YGKa679c5036df06d433a01c338', 'c7787893495e56f9', 5, 'ad', '2020-12-24', '09:28:23', '2020-12-24 13:58:25'),
(6, 'YGKa679c5036df06d433a01c338', 'c7787893495e56f9', 6, 'ad', '2020-12-24', '09:28:23', '2020-12-24 13:58:25'),
(7, 'YGKa679c5036df06d433a01c338', 'c7787893495e56f9', 7, 'asd', '2020-12-24', '09:28:23', '2020-12-24 13:58:25'),
(8, 'YGKa679c5036df06d433a01c338', 'c7787893495e56f9', 8, 'xasd', '2020-12-24', '09:28:23', '2020-12-24 13:58:25'),
(9, 'YGKa679c5036df06d433a01c338', 'c7787893495e56f9', 9, 'eda', '2020-12-24', '09:28:23', '2020-12-24 13:58:25'),
(10, 'YGKa679c5036df06d433a01c338', 'c7787893495e56f9', 10, 'das', '2020-12-24', '09:28:23', '2020-12-24 13:58:25'),
(11, 'YGKee17495d1514e1d44f2be307', '1a2231cba094a8d9', 1, '', '2020-12-24', '10:09:41', '2020-12-24 14:39:42'),
(12, 'YGKee17495d1514e1d44f2be307', '1a2231cba094a8d9', 2, '', '2020-12-24', '10:09:41', '2020-12-24 14:39:42'),
(13, 'YGKee17495d1514e1d44f2be307', '1a2231cba094a8d9', 3, '', '2020-12-24', '10:09:41', '2020-12-24 14:39:42'),
(14, 'YGKee17495d1514e1d44f2be307', '1a2231cba094a8d9', 4, '', '2020-12-24', '10:09:41', '2020-12-24 14:39:42'),
(15, 'YGKee17495d1514e1d44f2be307', '1a2231cba094a8d9', 5, '', '2020-12-24', '10:09:41', '2020-12-24 14:39:42'),
(16, 'YGKee17495d1514e1d44f2be307', '1a2231cba094a8d9', 6, '', '2020-12-24', '10:09:41', '2020-12-24 14:39:42'),
(17, 'YGKee17495d1514e1d44f2be307', '1a2231cba094a8d9', 7, '', '2020-12-24', '10:09:41', '2020-12-24 14:39:42'),
(18, 'YGKee17495d1514e1d44f2be307', '1a2231cba094a8d9', 8, '', '2020-12-24', '10:09:41', '2020-12-24 14:39:42'),
(19, 'YGKee17495d1514e1d44f2be307', '1a2231cba094a8d9', 9, '', '2020-12-24', '10:09:41', '2020-12-24 14:39:42'),
(20, 'YGKee17495d1514e1d44f2be307', '1a2231cba094a8d9', 10, '', '2020-12-24', '10:09:41', '2020-12-24 14:39:42'),
(21, 'YGK172a80786252d9f03c7efdaa', 'f47eaebf784cd4ed', 1, '', '2020-12-24', '10:11:22', '2020-12-24 14:41:23'),
(22, 'YGK172a80786252d9f03c7efdaa', 'f47eaebf784cd4ed', 2, '', '2020-12-24', '10:11:22', '2020-12-24 14:41:23'),
(23, 'YGK172a80786252d9f03c7efdaa', 'f47eaebf784cd4ed', 3, '', '2020-12-24', '10:11:22', '2020-12-24 14:41:23'),
(24, 'YGK172a80786252d9f03c7efdaa', 'f47eaebf784cd4ed', 4, '', '2020-12-24', '10:11:22', '2020-12-24 14:41:23'),
(25, 'YGK172a80786252d9f03c7efdaa', 'f47eaebf784cd4ed', 5, '', '2020-12-24', '10:11:22', '2020-12-24 14:41:23'),
(26, 'YGK172a80786252d9f03c7efdaa', 'f47eaebf784cd4ed', 6, '', '2020-12-24', '10:11:22', '2020-12-24 14:41:23'),
(27, 'YGK172a80786252d9f03c7efdaa', 'f47eaebf784cd4ed', 7, '', '2020-12-24', '10:11:22', '2020-12-24 14:41:23'),
(28, 'YGK172a80786252d9f03c7efdaa', 'f47eaebf784cd4ed', 8, '', '2020-12-24', '10:11:22', '2020-12-24 14:41:23'),
(29, 'YGK172a80786252d9f03c7efdaa', 'f47eaebf784cd4ed', 9, '', '2020-12-24', '10:11:22', '2020-12-24 14:41:23'),
(30, 'YGK172a80786252d9f03c7efdaa', 'f47eaebf784cd4ed', 10, '', '2020-12-24', '10:11:22', '2020-12-24 14:41:23'),
(31, 'YGKffc85389db790284fed68418', 'eefe8c37baec6b63', 1, '', '2020-12-24', '10:12:13', '2020-12-24 14:42:14'),
(32, 'YGKffc85389db790284fed68418', 'eefe8c37baec6b63', 2, '', '2020-12-24', '10:12:13', '2020-12-24 14:42:14'),
(33, 'YGKffc85389db790284fed68418', 'eefe8c37baec6b63', 3, '', '2020-12-24', '10:12:13', '2020-12-24 14:42:14'),
(34, 'YGKffc85389db790284fed68418', 'eefe8c37baec6b63', 4, '', '2020-12-24', '10:12:13', '2020-12-24 14:42:14'),
(35, 'YGKffc85389db790284fed68418', 'eefe8c37baec6b63', 5, '', '2020-12-24', '10:12:13', '2020-12-24 14:42:14'),
(36, 'YGKffc85389db790284fed68418', 'eefe8c37baec6b63', 6, '', '2020-12-24', '10:12:13', '2020-12-24 14:42:14'),
(37, 'YGKffc85389db790284fed68418', 'eefe8c37baec6b63', 7, '', '2020-12-24', '10:12:13', '2020-12-24 14:42:14'),
(38, 'YGKffc85389db790284fed68418', 'eefe8c37baec6b63', 8, '', '2020-12-24', '10:12:13', '2020-12-24 14:42:15'),
(39, 'YGKffc85389db790284fed68418', 'eefe8c37baec6b63', 9, '', '2020-12-24', '10:12:13', '2020-12-24 14:42:15'),
(40, 'YGKffc85389db790284fed68418', 'eefe8c37baec6b63', 10, '', '2020-12-24', '10:12:13', '2020-12-24 14:42:15'),
(41, 'YGK6f0a0e90d95e130d82eb49c1', 'ad23d9218c5a6be3', 1, 'q', '2020-12-24', '10:47:57', '2020-12-24 15:17:59'),
(42, 'YGK6f0a0e90d95e130d82eb49c1', 'ad23d9218c5a6be3', 2, 'frg', '2020-12-24', '10:47:57', '2020-12-24 15:17:59'),
(43, 'YGK6f0a0e90d95e130d82eb49c1', 'ad23d9218c5a6be3', 3, 'ssdf', '2020-12-24', '10:47:57', '2020-12-24 15:17:59'),
(44, 'YGK6f0a0e90d95e130d82eb49c1', 'ad23d9218c5a6be3', 4, 'dsw', '2020-12-24', '10:47:57', '2020-12-24 15:17:59'),
(45, 'YGK6f0a0e90d95e130d82eb49c1', 'ad23d9218c5a6be3', 5, 'ad', '2020-12-24', '10:47:57', '2020-12-24 15:17:59'),
(46, 'YGK6f0a0e90d95e130d82eb49c1', 'ad23d9218c5a6be3', 6, 'ad', '2020-12-24', '10:47:57', '2020-12-24 15:17:59'),
(47, 'YGK6f0a0e90d95e130d82eb49c1', 'ad23d9218c5a6be3', 7, 'asd', '2020-12-24', '10:47:57', '2020-12-24 15:17:59'),
(48, 'YGK6f0a0e90d95e130d82eb49c1', 'ad23d9218c5a6be3', 8, 'xasd', '2020-12-24', '10:47:57', '2020-12-24 15:17:59'),
(49, 'YGK6f0a0e90d95e130d82eb49c1', 'ad23d9218c5a6be3', 9, 'eda', '2020-12-24', '10:47:57', '2020-12-24 15:17:59'),
(50, 'YGK6f0a0e90d95e130d82eb49c1', 'ad23d9218c5a6be3', 10, 'das', '2020-12-24', '10:47:57', '2020-12-24 15:17:59');

-- --------------------------------------------------------

--
-- Table structure for table `drugs_male`
--

CREATE TABLE `drugs_male` (
  `id` int(11) NOT NULL,
  `order_id` varchar(225) NOT NULL,
  `token` varchar(225) NOT NULL,
  `drg_id` int(33) NOT NULL,
  `DrugValue` varchar(225) NOT NULL,
  `date` date NOT NULL,
  `time` time NOT NULL,
  `datetime` datetime NOT NULL DEFAULT current_timestamp()
) ENGINE=InnoDB DEFAULT CHARSET=utf8mb4;

--
-- Dumping data for table `drugs_male`
--

INSERT INTO `drugs_male` (`id`, `order_id`, `token`, `drg_id`, `DrugValue`, `date`, `time`, `datetime`) VALUES
(1, 'YGKaf58fa947c5579aec9102366', '47f20e468a740d22', 1, 'q', '2020-12-24', '11:03:22', '2020-12-24 15:33:27'),
(2, 'YGKaf58fa947c5579aec9102366', '47f20e468a740d22', 2, 'frg', '2020-12-24', '11:03:22', '2020-12-24 15:33:27'),
(3, 'YGKaf58fa947c5579aec9102366', '47f20e468a740d22', 3, 'ssdf', '2020-12-24', '11:03:22', '2020-12-24 15:33:27'),
(4, 'YGKaf58fa947c5579aec9102366', '47f20e468a740d22', 4, 'dsw', '2020-12-24', '11:03:22', '2020-12-24 15:33:27'),
(5, 'YGKaf58fa947c5579aec9102366', '47f20e468a740d22', 5, 'ad', '2020-12-24', '11:03:22', '2020-12-24 15:33:27'),
(6, 'YGKaf58fa947c5579aec9102366', '47f20e468a740d22', 6, 'ad', '2020-12-24', '11:03:22', '2020-12-24 15:33:27'),
(7, 'YGKaf58fa947c5579aec9102366', '47f20e468a740d22', 7, 'asd', '2020-12-24', '11:03:22', '2020-12-24 15:33:27'),
(8, 'YGKaf58fa947c5579aec9102366', '47f20e468a740d22', 8, 'xasd', '2020-12-24', '11:03:22', '2020-12-24 15:33:27'),
(9, 'YGKaf58fa947c5579aec9102366', '47f20e468a740d22', 9, 'eda', '2020-12-24', '11:03:22', '2020-12-24 15:33:27'),
(10, 'YGKaf58fa947c5579aec9102366', '47f20e468a740d22', 10, 'das', '2020-12-24', '11:03:22', '2020-12-24 15:33:28'),
(11, 'YGKaf58fa947c5579aec9102366', '47f20e468a740d22', 11, 'w', '2020-12-24', '11:03:22', '2020-12-24 15:33:28'),
(12, 'YGKaf58fa947c5579aec9102366', '47f20e468a740d22', 12, '', '2020-12-24', '11:03:22', '2020-12-24 15:33:28'),
(13, 'YGKaf58fa947c5579aec9102366', '47f20e468a740d22', 13, '', '2020-12-24', '11:03:22', '2020-12-24 15:33:28'),
(14, 'YGKaf58fa947c5579aec9102366', '47f20e468a740d22', 14, '', '2020-12-24', '11:03:22', '2020-12-24 15:33:28'),
(15, 'YGKaf58fa947c5579aec9102366', '47f20e468a740d22', 15, '', '2020-12-24', '11:03:22', '2020-12-24 15:33:28'),
(16, 'YGKaf58fa947c5579aec9102366', '47f20e468a740d22', 16, '', '2020-12-24', '11:03:22', '2020-12-24 15:33:28'),
(17, 'YGKaf58fa947c5579aec9102366', '47f20e468a740d22', 17, '', '2020-12-24', '11:03:22', '2020-12-24 15:33:28'),
(18, 'YGKaf58fa947c5579aec9102366', '47f20e468a740d22', 18, '', '2020-12-24', '11:03:22', '2020-12-24 15:33:28'),
(19, 'YGKaf58fa947c5579aec9102366', '47f20e468a740d22', 19, '', '2020-12-24', '11:03:22', '2020-12-24 15:33:28'),
(20, 'YGKaf58fa947c5579aec9102366', '47f20e468a740d22', 20, '', '2020-12-24', '11:03:22', '2020-12-24 15:33:28'),
(21, 'YGKaf58fa947c5579aec9102366', '47f20e468a740d22', 21, '', '2020-12-24', '11:03:22', '2020-12-24 15:33:28'),
(22, 'YGKaf58fa947c5579aec9102366', '47f20e468a740d22', 22, '', '2020-12-24', '11:03:22', '2020-12-24 15:33:28'),
(23, 'YGKaf58fa947c5579aec9102366', '47f20e468a740d22', 23, '', '2020-12-24', '11:03:22', '2020-12-24 15:33:28'),
(24, 'YGKaf58fa947c5579aec9102366', '47f20e468a740d22', 24, '', '2020-12-24', '11:03:22', '2020-12-24 15:33:28'),
(25, 'YGKaf58fa947c5579aec9102366', '47f20e468a740d22', 25, '', '2020-12-24', '11:03:22', '2020-12-24 15:33:28'),
(26, 'YGKaf58fa947c5579aec9102366', '47f20e468a740d22', 26, '', '2020-12-24', '11:03:22', '2020-12-24 15:33:28'),
(27, 'YGKaf58fa947c5579aec9102366', '47f20e468a740d22', 27, '', '2020-12-24', '11:03:22', '2020-12-24 15:33:28'),
(28, 'YGKaf58fa947c5579aec9102366', '47f20e468a740d22', 28, '', '2020-12-24', '11:03:22', '2020-12-24 15:33:28'),
(29, 'YGKaf58fa947c5579aec9102366', '47f20e468a740d22', 29, '', '2020-12-24', '11:03:22', '2020-12-24 15:33:28'),
(30, 'YGKaf58fa947c5579aec9102366', '47f20e468a740d22', 30, '', '2020-12-24', '11:03:22', '2020-12-24 15:33:28'),
(31, 'YGKaf58fa947c5579aec9102366', '47f20e468a740d22', 31, '', '2020-12-24', '11:03:22', '2020-12-24 15:33:28'),
(32, 'YGKaf58fa947c5579aec9102366', '47f20e468a740d22', 32, '', '2020-12-24', '11:03:22', '2020-12-24 15:33:28'),
(33, 'YGKaf58fa947c5579aec9102366', '47f20e468a740d22', 33, '', '2020-12-24', '11:03:22', '2020-12-24 15:33:28'),
(34, 'YGKaf58fa947c5579aec9102366', '47f20e468a740d22', 34, '', '2020-12-24', '11:03:22', '2020-12-24 15:33:28'),
(35, 'YGKaf58fa947c5579aec9102366', '47f20e468a740d22', 35, '', '2020-12-24', '11:03:22', '2020-12-24 15:33:28'),
(36, 'YGKaf58fa947c5579aec9102366', '47f20e468a740d22', 36, '', '2020-12-24', '11:03:22', '2020-12-24 15:33:28'),
(37, 'YGKaf58fa947c5579aec9102366', '47f20e468a740d22', 37, '', '2020-12-24', '11:03:22', '2020-12-24 15:33:28'),
(38, 'YGKaf58fa947c5579aec9102366', '47f20e468a740d22', 38, '', '2020-12-24', '11:03:22', '2020-12-24 15:33:28'),
(39, 'YGKaf58fa947c5579aec9102366', '47f20e468a740d22', 39, '', '2020-12-24', '11:03:22', '2020-12-24 15:33:28'),
(40, 'YGKaf58fa947c5579aec9102366', '47f20e468a740d22', 40, '', '2020-12-24', '11:03:22', '2020-12-24 15:33:28'),
(41, 'YGKaf58fa947c5579aec9102366', '47f20e468a740d22', 41, '', '2020-12-24', '11:03:22', '2020-12-24 15:33:28'),
(42, 'YGKaf58fa947c5579aec9102366', '47f20e468a740d22', 42, '', '2020-12-24', '11:03:22', '2020-12-24 15:33:29'),
(43, 'YGKaf58fa947c5579aec9102366', '47f20e468a740d22', 43, '', '2020-12-24', '11:03:22', '2020-12-24 15:33:29'),
(44, 'YGKaf58fa947c5579aec9102366', '47f20e468a740d22', 44, '', '2020-12-24', '11:03:22', '2020-12-24 15:33:29'),
(45, 'YGKaf58fa947c5579aec9102366', '47f20e468a740d22', 45, '', '2020-12-24', '11:03:22', '2020-12-24 15:33:29'),
(46, 'YGKaf58fa947c5579aec9102366', '47f20e468a740d22', 46, '', '2020-12-24', '11:03:22', '2020-12-24 15:33:29'),
(47, 'YGKaf58fa947c5579aec9102366', '47f20e468a740d22', 47, '', '2020-12-24', '11:03:22', '2020-12-24 15:33:29'),
(48, 'YGKaf58fa947c5579aec9102366', '47f20e468a740d22', 48, '', '2020-12-24', '11:03:22', '2020-12-24 15:33:29'),
(49, 'YGKaf58fa947c5579aec9102366', '47f20e468a740d22', 49, '', '2020-12-24', '11:03:22', '2020-12-24 15:33:29'),
(50, 'YGKaf58fa947c5579aec9102366', '47f20e468a740d22', 50, '', '2020-12-24', '11:03:22', '2020-12-24 15:33:29'),
(51, 'YGKaf58fa947c5579aec9102366', '47f20e468a740d22', 51, '', '2020-12-24', '11:03:22', '2020-12-24 15:33:29'),
(52, 'YGKaf58fa947c5579aec9102366', '47f20e468a740d22', 52, '', '2020-12-24', '11:03:22', '2020-12-24 15:33:29'),
(53, 'YGKaf58fa947c5579aec9102366', '47f20e468a740d22', 53, '', '2020-12-24', '11:03:22', '2020-12-24 15:33:29'),
(54, 'YGKaf58fa947c5579aec9102366', '47f20e468a740d22', 54, '', '2020-12-24', '11:03:22', '2020-12-24 15:33:29'),
(55, 'YGKaf58fa947c5579aec9102366', '47f20e468a740d22', 55, '', '2020-12-24', '11:03:22', '2020-12-24 15:33:29'),
(56, 'YGKaf58fa947c5579aec9102366', '47f20e468a740d22', 56, '', '2020-12-24', '11:03:22', '2020-12-24 15:33:29'),
(57, 'YGKaf58fa947c5579aec9102366', '47f20e468a740d22', 57, '', '2020-12-24', '11:03:22', '2020-12-24 15:33:29'),
(58, 'YGKaf58fa947c5579aec9102366', '47f20e468a740d22', 58, '', '2020-12-24', '11:03:22', '2020-12-24 15:33:29'),
(59, 'YGKaf58fa947c5579aec9102366', '47f20e468a740d22', 59, '', '2020-12-24', '11:03:22', '2020-12-24 15:33:29'),
(60, 'YGKaf58fa947c5579aec9102366', '47f20e468a740d22', 60, '', '2020-12-24', '11:03:22', '2020-12-24 15:33:29'),
(61, 'YGKaf58fa947c5579aec9102366', '47f20e468a740d22', 61, '', '2020-12-24', '11:03:22', '2020-12-24 15:33:29'),
(62, 'YGKaf58fa947c5579aec9102366', '47f20e468a740d22', 62, '', '2020-12-24', '11:03:22', '2020-12-24 15:33:29'),
(63, 'YGKaf58fa947c5579aec9102366', '47f20e468a740d22', 63, '', '2020-12-24', '11:03:22', '2020-12-24 15:33:29'),
(64, 'YGKaf58fa947c5579aec9102366', '47f20e468a740d22', 64, '', '2020-12-24', '11:03:22', '2020-12-24 15:33:29'),
(65, 'YGKaf58fa947c5579aec9102366', '47f20e468a740d22', 65, '', '2020-12-24', '11:03:22', '2020-12-24 15:33:29'),
(66, 'YGKaf58fa947c5579aec9102366', '47f20e468a740d22', 66, '', '2020-12-24', '11:03:22', '2020-12-24 15:33:29'),
(67, 'YGKaf58fa947c5579aec9102366', '47f20e468a740d22', 67, '', '2020-12-24', '11:03:22', '2020-12-24 15:33:30'),
(68, 'YGKaf58fa947c5579aec9102366', '47f20e468a740d22', 68, '', '2020-12-24', '11:03:22', '2020-12-24 15:33:30'),
(69, 'YGKaf58fa947c5579aec9102366', '47f20e468a740d22', 69, '', '2020-12-24', '11:03:22', '2020-12-24 15:33:30'),
(70, 'YGKaf58fa947c5579aec9102366', '47f20e468a740d22', 70, '', '2020-12-24', '11:03:22', '2020-12-24 15:33:30'),
(71, 'YGKaf58fa947c5579aec9102366', '47f20e468a740d22', 71, '', '2020-12-24', '11:03:22', '2020-12-24 15:33:30'),
(72, 'YGKaf58fa947c5579aec9102366', '47f20e468a740d22', 72, '', '2020-12-24', '11:03:22', '2020-12-24 15:33:30'),
(73, 'YGKaf58fa947c5579aec9102366', '47f20e468a740d22', 73, '', '2020-12-24', '11:03:22', '2020-12-24 15:33:30'),
(74, 'YGKaf58fa947c5579aec9102366', '47f20e468a740d22', 74, '', '2020-12-24', '11:03:22', '2020-12-24 15:33:30'),
(75, 'YGKaf58fa947c5579aec9102366', '47f20e468a740d22', 75, '', '2020-12-24', '11:03:22', '2020-12-24 15:33:30'),
(76, 'YGKaf58fa947c5579aec9102366', '47f20e468a740d22', 76, '', '2020-12-24', '11:03:22', '2020-12-24 15:33:30'),
(77, 'YGKaf58fa947c5579aec9102366', '47f20e468a740d22', 77, '', '2020-12-24', '11:03:22', '2020-12-24 15:33:30'),
(78, 'YGKaf58fa947c5579aec9102366', '47f20e468a740d22', 78, '', '2020-12-24', '11:03:22', '2020-12-24 15:33:30'),
(79, 'YGKaf58fa947c5579aec9102366', '47f20e468a740d22', 79, '', '2020-12-24', '11:03:22', '2020-12-24 15:33:30'),
(80, 'YGKaf58fa947c5579aec9102366', '47f20e468a740d22', 80, '', '2020-12-24', '11:03:22', '2020-12-24 15:33:30'),
(81, 'YGKaf58fa947c5579aec9102366', '47f20e468a740d22', 81, '', '2020-12-24', '11:03:22', '2020-12-24 15:33:30'),
(82, 'YGKaf58fa947c5579aec9102366', '47f20e468a740d22', 82, '', '2020-12-24', '11:03:22', '2020-12-24 15:33:30'),
(83, 'YGKaf58fa947c5579aec9102366', '47f20e468a740d22', 83, '', '2020-12-24', '11:03:22', '2020-12-24 15:33:30'),
(84, 'YGKaf58fa947c5579aec9102366', '47f20e468a740d22', 84, '', '2020-12-24', '11:03:22', '2020-12-24 15:33:30'),
(85, 'YGKaf58fa947c5579aec9102366', '47f20e468a740d22', 85, '', '2020-12-24', '11:03:22', '2020-12-24 15:33:30'),
(86, 'YGKaf58fa947c5579aec9102366', '47f20e468a740d22', 86, '', '2020-12-24', '11:03:22', '2020-12-24 15:33:30'),
(87, 'YGKaf58fa947c5579aec9102366', '47f20e468a740d22', 87, '', '2020-12-24', '11:03:22', '2020-12-24 15:33:30'),
(88, 'YGKaf58fa947c5579aec9102366', '47f20e468a740d22', 88, '', '2020-12-24', '11:03:22', '2020-12-24 15:33:30'),
(89, 'YGKaf58fa947c5579aec9102366', '47f20e468a740d22', 89, '', '2020-12-24', '11:03:22', '2020-12-24 15:33:30'),
(90, 'YGKaf58fa947c5579aec9102366', '47f20e468a740d22', 90, '', '2020-12-24', '11:03:22', '2020-12-24 15:33:30'),
(91, 'YGKaf58fa947c5579aec9102366', '47f20e468a740d22', 91, '', '2020-12-24', '11:03:22', '2020-12-24 15:33:30'),
(92, 'YGKaf58fa947c5579aec9102366', '47f20e468a740d22', 92, '', '2020-12-24', '11:03:22', '2020-12-24 15:33:30'),
(93, 'YGKaf58fa947c5579aec9102366', '47f20e468a740d22', 93, '', '2020-12-24', '11:03:22', '2020-12-24 15:33:30'),
(94, 'YGKaf58fa947c5579aec9102366', '47f20e468a740d22', 94, '', '2020-12-24', '11:03:22', '2020-12-24 15:33:30'),
(95, 'YGKaf58fa947c5579aec9102366', '47f20e468a740d22', 95, '', '2020-12-24', '11:03:22', '2020-12-24 15:33:31'),
(96, 'YGKaf58fa947c5579aec9102366', '47f20e468a740d22', 96, '', '2020-12-24', '11:03:22', '2020-12-24 15:33:31'),
(97, 'YGKaf58fa947c5579aec9102366', '47f20e468a740d22', 97, '', '2020-12-24', '11:03:22', '2020-12-24 15:33:31'),
(98, 'YGKaf58fa947c5579aec9102366', '47f20e468a740d22', 98, '', '2020-12-24', '11:03:22', '2020-12-24 15:33:31'),
(99, 'YGKaf58fa947c5579aec9102366', '47f20e468a740d22', 99, '', '2020-12-24', '11:03:22', '2020-12-24 15:33:31'),
(100, 'YGKaf58fa947c5579aec9102366', '47f20e468a740d22', 100, '', '2020-12-24', '11:03:22', '2020-12-24 15:33:31'),
(101, 'YGKaf58fa947c5579aec9102366', '47f20e468a740d22', 101, '', '2020-12-24', '11:03:22', '2020-12-24 15:33:31'),
(102, 'YGKaf58fa947c5579aec9102366', '47f20e468a740d22', 102, '', '2020-12-24', '11:03:22', '2020-12-24 15:33:31'),
(103, 'YGKaf58fa947c5579aec9102366', '47f20e468a740d22', 103, '', '2020-12-24', '11:03:22', '2020-12-24 15:33:31'),
(104, 'YGKaf58fa947c5579aec9102366', '47f20e468a740d22', 104, '', '2020-12-24', '11:03:22', '2020-12-24 15:33:31'),
(105, 'YGKaf58fa947c5579aec9102366', '47f20e468a740d22', 105, '', '2020-12-24', '11:03:22', '2020-12-24 15:33:31'),
(106, 'YGKaf58fa947c5579aec9102366', '47f20e468a740d22', 106, '', '2020-12-24', '11:03:22', '2020-12-24 15:33:31'),
(107, 'YGKaf58fa947c5579aec9102366', '47f20e468a740d22', 107, '', '2020-12-24', '11:03:22', '2020-12-24 15:33:31'),
(108, 'YGKaf58fa947c5579aec9102366', '47f20e468a740d22', 108, '', '2020-12-24', '11:03:22', '2020-12-24 15:33:31'),
(109, 'YGKaf58fa947c5579aec9102366', '47f20e468a740d22', 109, '', '2020-12-24', '11:03:22', '2020-12-24 15:33:31'),
(110, 'YGKaf58fa947c5579aec9102366', '47f20e468a740d22', 110, '', '2020-12-24', '11:03:22', '2020-12-24 15:33:31'),
(111, 'YGKaf58fa947c5579aec9102366', '47f20e468a740d22', 111, '', '2020-12-24', '11:03:22', '2020-12-24 15:33:31'),
(112, 'YGKaf58fa947c5579aec9102366', '47f20e468a740d22', 112, '', '2020-12-24', '11:03:22', '2020-12-24 15:33:31'),
(113, 'YGKaf58fa947c5579aec9102366', '47f20e468a740d22', 113, '', '2020-12-24', '11:03:22', '2020-12-24 15:33:31'),
(114, 'YGKaf58fa947c5579aec9102366', '47f20e468a740d22', 114, '', '2020-12-24', '11:03:22', '2020-12-24 15:33:31'),
(115, 'YGKaf58fa947c5579aec9102366', '47f20e468a740d22', 115, '', '2020-12-24', '11:03:22', '2020-12-24 15:33:31'),
(116, 'YGKaf58fa947c5579aec9102366', '47f20e468a740d22', 116, '', '2020-12-24', '11:03:22', '2020-12-24 15:33:31'),
(117, 'YGKaf58fa947c5579aec9102366', '47f20e468a740d22', 117, '', '2020-12-24', '11:03:22', '2020-12-24 15:33:31'),
(118, 'YGKaf58fa947c5579aec9102366', '47f20e468a740d22', 118, '', '2020-12-24', '11:03:22', '2020-12-24 15:33:32'),
(119, 'YGKaf58fa947c5579aec9102366', '47f20e468a740d22', 119, '', '2020-12-24', '11:03:22', '2020-12-24 15:33:32'),
(120, 'YGKaf58fa947c5579aec9102366', '47f20e468a740d22', 120, '', '2020-12-24', '11:03:22', '2020-12-24 15:33:32'),
(121, 'YGKaf58fa947c5579aec9102366', '47f20e468a740d22', 121, '', '2020-12-24', '11:03:22', '2020-12-24 15:33:32'),
(122, 'YGKaf58fa947c5579aec9102366', '47f20e468a740d22', 122, '', '2020-12-24', '11:03:22', '2020-12-24 15:33:32'),
(123, 'YGKaf58fa947c5579aec9102366', '47f20e468a740d22', 123, '', '2020-12-24', '11:03:22', '2020-12-24 15:33:32'),
(124, 'YGKaf58fa947c5579aec9102366', '47f20e468a740d22', 124, '', '2020-12-24', '11:03:22', '2020-12-24 15:33:32'),
(125, 'YGKaf58fa947c5579aec9102366', '47f20e468a740d22', 125, '', '2020-12-24', '11:03:22', '2020-12-24 15:33:32'),
(126, 'YGKaf58fa947c5579aec9102366', '47f20e468a740d22', 126, '', '2020-12-24', '11:03:22', '2020-12-24 15:33:32'),
(127, 'YGKaf58fa947c5579aec9102366', '47f20e468a740d22', 127, '', '2020-12-24', '11:03:22', '2020-12-24 15:33:32'),
(128, 'YGKaf58fa947c5579aec9102366', '47f20e468a740d22', 128, '', '2020-12-24', '11:03:22', '2020-12-24 15:33:32'),
(129, 'YGKaf58fa947c5579aec9102366', '47f20e468a740d22', 129, '', '2020-12-24', '11:03:22', '2020-12-24 15:33:32'),
(130, 'YGKaf58fa947c5579aec9102366', '47f20e468a740d22', 130, '', '2020-12-24', '11:03:22', '2020-12-24 15:33:32'),
(131, 'YGKaf58fa947c5579aec9102366', '47f20e468a740d22', 131, '', '2020-12-24', '11:03:22', '2020-12-24 15:33:32'),
(132, 'YGKaf58fa947c5579aec9102366', '47f20e468a740d22', 132, '', '2020-12-24', '11:03:22', '2020-12-24 15:33:32'),
(133, 'YGKaf58fa947c5579aec9102366', '47f20e468a740d22', 133, '', '2020-12-24', '11:03:22', '2020-12-24 15:33:32'),
(134, 'YGKaf58fa947c5579aec9102366', '47f20e468a740d22', 134, '', '2020-12-24', '11:03:22', '2020-12-24 15:33:32'),
(135, 'YGKaf58fa947c5579aec9102366', '47f20e468a740d22', 135, '', '2020-12-24', '11:03:22', '2020-12-24 15:33:32'),
(136, 'YGKaf58fa947c5579aec9102366', '47f20e468a740d22', 136, '', '2020-12-24', '11:03:22', '2020-12-24 15:33:32'),
(137, 'YGKaf58fa947c5579aec9102366', '47f20e468a740d22', 137, '', '2020-12-24', '11:03:22', '2020-12-24 15:33:32'),
(138, 'YGKaf58fa947c5579aec9102366', '47f20e468a740d22', 138, '', '2020-12-24', '11:03:22', '2020-12-24 15:33:32'),
(139, 'YGKaf58fa947c5579aec9102366', '47f20e468a740d22', 139, '', '2020-12-24', '11:03:22', '2020-12-24 15:33:32'),
(140, 'YGKaf58fa947c5579aec9102366', '47f20e468a740d22', 140, '', '2020-12-24', '11:03:22', '2020-12-24 15:33:32'),
(141, 'YGKaf58fa947c5579aec9102366', '47f20e468a740d22', 141, '', '2020-12-24', '11:03:22', '2020-12-24 15:33:32'),
(142, 'YGKaf58fa947c5579aec9102366', '47f20e468a740d22', 142, '', '2020-12-24', '11:03:22', '2020-12-24 15:33:32'),
(143, 'YGKaf58fa947c5579aec9102366', '47f20e468a740d22', 143, '', '2020-12-24', '11:03:22', '2020-12-24 15:33:32'),
(144, 'YGKaf58fa947c5579aec9102366', '47f20e468a740d22', 144, '', '2020-12-24', '11:03:22', '2020-12-24 15:33:32'),
(145, 'YGKaf58fa947c5579aec9102366', '47f20e468a740d22', 145, '', '2020-12-24', '11:03:22', '2020-12-24 15:33:32'),
(146, 'YGKaf58fa947c5579aec9102366', '47f20e468a740d22', 146, '', '2020-12-24', '11:03:22', '2020-12-24 15:33:32'),
(147, 'YGKaf58fa947c5579aec9102366', '47f20e468a740d22', 147, '', '2020-12-24', '11:03:22', '2020-12-24 15:33:32'),
(148, 'YGKaf58fa947c5579aec9102366', '47f20e468a740d22', 148, '', '2020-12-24', '11:03:22', '2020-12-24 15:33:32'),
(149, 'YGKaf58fa947c5579aec9102366', '47f20e468a740d22', 149, '', '2020-12-24', '11:03:22', '2020-12-24 15:33:33'),
(150, 'YGKaf58fa947c5579aec9102366', '47f20e468a740d22', 150, '', '2020-12-24', '11:03:22', '2020-12-24 15:33:33'),
(151, 'YGKaf58fa947c5579aec9102366', '47f20e468a740d22', 151, '', '2020-12-24', '11:03:22', '2020-12-24 15:33:33'),
(152, 'YGKac3d17535b4ff220252572e1', '12105f1b5e4b151a', 1, 'q', '2020-12-24', '11:08:11', '2020-12-24 15:38:15'),
(153, 'YGKac3d17535b4ff220252572e1', '12105f1b5e4b151a', 2, 'frg', '2020-12-24', '11:08:11', '2020-12-24 15:38:15'),
(154, 'YGKac3d17535b4ff220252572e1', '12105f1b5e4b151a', 3, 'ssdf', '2020-12-24', '11:08:11', '2020-12-24 15:38:15'),
(155, 'YGKac3d17535b4ff220252572e1', '12105f1b5e4b151a', 4, 'dsw', '2020-12-24', '11:08:11', '2020-12-24 15:38:15'),
(156, 'YGKac3d17535b4ff220252572e1', '12105f1b5e4b151a', 5, 'ad', '2020-12-24', '11:08:11', '2020-12-24 15:38:15'),
(157, 'YGKac3d17535b4ff220252572e1', '12105f1b5e4b151a', 6, 'ad', '2020-12-24', '11:08:11', '2020-12-24 15:38:15'),
(158, 'YGKac3d17535b4ff220252572e1', '12105f1b5e4b151a', 7, 'asd', '2020-12-24', '11:08:11', '2020-12-24 15:38:15'),
(159, 'YGKac3d17535b4ff220252572e1', '12105f1b5e4b151a', 8, 'xasd', '2020-12-24', '11:08:11', '2020-12-24 15:38:16'),
(160, 'YGKac3d17535b4ff220252572e1', '12105f1b5e4b151a', 9, 'eda', '2020-12-24', '11:08:11', '2020-12-24 15:38:16'),
(161, 'YGKac3d17535b4ff220252572e1', '12105f1b5e4b151a', 10, 'das', '2020-12-24', '11:08:11', '2020-12-24 15:38:16'),
(162, 'YGKac3d17535b4ff220252572e1', '12105f1b5e4b151a', 11, 'w', '2020-12-24', '11:08:11', '2020-12-24 15:38:16'),
(163, 'YGKac3d17535b4ff220252572e1', '12105f1b5e4b151a', 12, '', '2020-12-24', '11:08:11', '2020-12-24 15:38:16'),
(164, 'YGKac3d17535b4ff220252572e1', '12105f1b5e4b151a', 13, '', '2020-12-24', '11:08:11', '2020-12-24 15:38:16'),
(165, 'YGKac3d17535b4ff220252572e1', '12105f1b5e4b151a', 14, '', '2020-12-24', '11:08:11', '2020-12-24 15:38:16'),
(166, 'YGKac3d17535b4ff220252572e1', '12105f1b5e4b151a', 15, '', '2020-12-24', '11:08:11', '2020-12-24 15:38:16'),
(167, 'YGKac3d17535b4ff220252572e1', '12105f1b5e4b151a', 16, '', '2020-12-24', '11:08:11', '2020-12-24 15:38:16'),
(168, 'YGKac3d17535b4ff220252572e1', '12105f1b5e4b151a', 17, '', '2020-12-24', '11:08:11', '2020-12-24 15:38:16'),
(169, 'YGKac3d17535b4ff220252572e1', '12105f1b5e4b151a', 18, '', '2020-12-24', '11:08:11', '2020-12-24 15:38:16'),
(170, 'YGKac3d17535b4ff220252572e1', '12105f1b5e4b151a', 19, '', '2020-12-24', '11:08:11', '2020-12-24 15:38:16'),
(171, 'YGKac3d17535b4ff220252572e1', '12105f1b5e4b151a', 20, '', '2020-12-24', '11:08:11', '2020-12-24 15:38:16'),
(172, 'YGKac3d17535b4ff220252572e1', '12105f1b5e4b151a', 21, '', '2020-12-24', '11:08:11', '2020-12-24 15:38:16'),
(173, 'YGKac3d17535b4ff220252572e1', '12105f1b5e4b151a', 22, '', '2020-12-24', '11:08:11', '2020-12-24 15:38:16'),
(174, 'YGKac3d17535b4ff220252572e1', '12105f1b5e4b151a', 23, '', '2020-12-24', '11:08:11', '2020-12-24 15:38:16'),
(175, 'YGKac3d17535b4ff220252572e1', '12105f1b5e4b151a', 24, '', '2020-12-24', '11:08:11', '2020-12-24 15:38:16'),
(176, 'YGKac3d17535b4ff220252572e1', '12105f1b5e4b151a', 25, '', '2020-12-24', '11:08:11', '2020-12-24 15:38:16'),
(177, 'YGKac3d17535b4ff220252572e1', '12105f1b5e4b151a', 26, '', '2020-12-24', '11:08:11', '2020-12-24 15:38:16'),
(178, 'YGKac3d17535b4ff220252572e1', '12105f1b5e4b151a', 27, '', '2020-12-24', '11:08:11', '2020-12-24 15:38:16'),
(179, 'YGKac3d17535b4ff220252572e1', '12105f1b5e4b151a', 28, '', '2020-12-24', '11:08:11', '2020-12-24 15:38:16'),
(180, 'YGKac3d17535b4ff220252572e1', '12105f1b5e4b151a', 29, '', '2020-12-24', '11:08:11', '2020-12-24 15:38:16'),
(181, 'YGKac3d17535b4ff220252572e1', '12105f1b5e4b151a', 30, '', '2020-12-24', '11:08:11', '2020-12-24 15:38:16'),
(182, 'YGKac3d17535b4ff220252572e1', '12105f1b5e4b151a', 31, '', '2020-12-24', '11:08:11', '2020-12-24 15:38:16'),
(183, 'YGKac3d17535b4ff220252572e1', '12105f1b5e4b151a', 32, '', '2020-12-24', '11:08:11', '2020-12-24 15:38:16'),
(184, 'YGKac3d17535b4ff220252572e1', '12105f1b5e4b151a', 33, '', '2020-12-24', '11:08:11', '2020-12-24 15:38:16'),
(185, 'YGKac3d17535b4ff220252572e1', '12105f1b5e4b151a', 34, '', '2020-12-24', '11:08:11', '2020-12-24 15:38:16'),
(186, 'YGKac3d17535b4ff220252572e1', '12105f1b5e4b151a', 35, '', '2020-12-24', '11:08:11', '2020-12-24 15:38:16'),
(187, 'YGKac3d17535b4ff220252572e1', '12105f1b5e4b151a', 36, '', '2020-12-24', '11:08:11', '2020-12-24 15:38:16'),
(188, 'YGKac3d17535b4ff220252572e1', '12105f1b5e4b151a', 37, '', '2020-12-24', '11:08:11', '2020-12-24 15:38:16'),
(189, 'YGKac3d17535b4ff220252572e1', '12105f1b5e4b151a', 38, '', '2020-12-24', '11:08:11', '2020-12-24 15:38:16'),
(190, 'YGKac3d17535b4ff220252572e1', '12105f1b5e4b151a', 39, '', '2020-12-24', '11:08:11', '2020-12-24 15:38:16'),
(191, 'YGKac3d17535b4ff220252572e1', '12105f1b5e4b151a', 40, '', '2020-12-24', '11:08:11', '2020-12-24 15:38:16'),
(192, 'YGKac3d17535b4ff220252572e1', '12105f1b5e4b151a', 41, '', '2020-12-24', '11:08:11', '2020-12-24 15:38:16'),
(193, 'YGKac3d17535b4ff220252572e1', '12105f1b5e4b151a', 42, '', '2020-12-24', '11:08:11', '2020-12-24 15:38:16'),
(194, 'YGKac3d17535b4ff220252572e1', '12105f1b5e4b151a', 43, '', '2020-12-24', '11:08:11', '2020-12-24 15:38:16'),
(195, 'YGKac3d17535b4ff220252572e1', '12105f1b5e4b151a', 44, '', '2020-12-24', '11:08:11', '2020-12-24 15:38:16'),
(196, 'YGKac3d17535b4ff220252572e1', '12105f1b5e4b151a', 45, '', '2020-12-24', '11:08:11', '2020-12-24 15:38:16'),
(197, 'YGKac3d17535b4ff220252572e1', '12105f1b5e4b151a', 46, '', '2020-12-24', '11:08:11', '2020-12-24 15:38:16'),
(198, 'YGKac3d17535b4ff220252572e1', '12105f1b5e4b151a', 47, '', '2020-12-24', '11:08:11', '2020-12-24 15:38:16'),
(199, 'YGKac3d17535b4ff220252572e1', '12105f1b5e4b151a', 48, '', '2020-12-24', '11:08:11', '2020-12-24 15:38:16'),
(200, 'YGKac3d17535b4ff220252572e1', '12105f1b5e4b151a', 49, '', '2020-12-24', '11:08:11', '2020-12-24 15:38:17'),
(201, 'YGKac3d17535b4ff220252572e1', '12105f1b5e4b151a', 50, '', '2020-12-24', '11:08:11', '2020-12-24 15:38:17'),
(202, 'YGKac3d17535b4ff220252572e1', '12105f1b5e4b151a', 51, '', '2020-12-24', '11:08:11', '2020-12-24 15:38:17'),
(203, 'YGKac3d17535b4ff220252572e1', '12105f1b5e4b151a', 52, '', '2020-12-24', '11:08:11', '2020-12-24 15:38:17'),
(204, 'YGKac3d17535b4ff220252572e1', '12105f1b5e4b151a', 53, '', '2020-12-24', '11:08:11', '2020-12-24 15:38:17'),
(205, 'YGKac3d17535b4ff220252572e1', '12105f1b5e4b151a', 54, '', '2020-12-24', '11:08:11', '2020-12-24 15:38:17'),
(206, 'YGKac3d17535b4ff220252572e1', '12105f1b5e4b151a', 55, '', '2020-12-24', '11:08:11', '2020-12-24 15:38:17'),
(207, 'YGKac3d17535b4ff220252572e1', '12105f1b5e4b151a', 56, '', '2020-12-24', '11:08:11', '2020-12-24 15:38:17'),
(208, 'YGKac3d17535b4ff220252572e1', '12105f1b5e4b151a', 57, '', '2020-12-24', '11:08:11', '2020-12-24 15:38:17'),
(209, 'YGKac3d17535b4ff220252572e1', '12105f1b5e4b151a', 58, '', '2020-12-24', '11:08:11', '2020-12-24 15:38:17'),
(210, 'YGKac3d17535b4ff220252572e1', '12105f1b5e4b151a', 59, '', '2020-12-24', '11:08:11', '2020-12-24 15:38:17'),
(211, 'YGKac3d17535b4ff220252572e1', '12105f1b5e4b151a', 60, '', '2020-12-24', '11:08:11', '2020-12-24 15:38:17'),
(212, 'YGKac3d17535b4ff220252572e1', '12105f1b5e4b151a', 61, '', '2020-12-24', '11:08:11', '2020-12-24 15:38:17'),
(213, 'YGKac3d17535b4ff220252572e1', '12105f1b5e4b151a', 62, '', '2020-12-24', '11:08:11', '2020-12-24 15:38:17'),
(214, 'YGKac3d17535b4ff220252572e1', '12105f1b5e4b151a', 63, '', '2020-12-24', '11:08:11', '2020-12-24 15:38:17'),
(215, 'YGKac3d17535b4ff220252572e1', '12105f1b5e4b151a', 64, '', '2020-12-24', '11:08:11', '2020-12-24 15:38:17'),
(216, 'YGKac3d17535b4ff220252572e1', '12105f1b5e4b151a', 65, '', '2020-12-24', '11:08:11', '2020-12-24 15:38:17'),
(217, 'YGKac3d17535b4ff220252572e1', '12105f1b5e4b151a', 66, '', '2020-12-24', '11:08:11', '2020-12-24 15:38:17'),
(218, 'YGKac3d17535b4ff220252572e1', '12105f1b5e4b151a', 67, '', '2020-12-24', '11:08:11', '2020-12-24 15:38:17'),
(219, 'YGKac3d17535b4ff220252572e1', '12105f1b5e4b151a', 68, '', '2020-12-24', '11:08:11', '2020-12-24 15:38:17'),
(220, 'YGKac3d17535b4ff220252572e1', '12105f1b5e4b151a', 69, '', '2020-12-24', '11:08:11', '2020-12-24 15:38:17'),
(221, 'YGKac3d17535b4ff220252572e1', '12105f1b5e4b151a', 70, '', '2020-12-24', '11:08:11', '2020-12-24 15:38:17'),
(222, 'YGKac3d17535b4ff220252572e1', '12105f1b5e4b151a', 71, '', '2020-12-24', '11:08:11', '2020-12-24 15:38:17'),
(223, 'YGKac3d17535b4ff220252572e1', '12105f1b5e4b151a', 72, '', '2020-12-24', '11:08:11', '2020-12-24 15:38:17'),
(224, 'YGKac3d17535b4ff220252572e1', '12105f1b5e4b151a', 73, '', '2020-12-24', '11:08:11', '2020-12-24 15:38:17'),
(225, 'YGKac3d17535b4ff220252572e1', '12105f1b5e4b151a', 74, '', '2020-12-24', '11:08:11', '2020-12-24 15:38:18'),
(226, 'YGKac3d17535b4ff220252572e1', '12105f1b5e4b151a', 75, '', '2020-12-24', '11:08:11', '2020-12-24 15:38:18'),
(227, 'YGKac3d17535b4ff220252572e1', '12105f1b5e4b151a', 76, '', '2020-12-24', '11:08:11', '2020-12-24 15:38:18'),
(228, 'YGKac3d17535b4ff220252572e1', '12105f1b5e4b151a', 77, '', '2020-12-24', '11:08:11', '2020-12-24 15:38:18'),
(229, 'YGKac3d17535b4ff220252572e1', '12105f1b5e4b151a', 78, '', '2020-12-24', '11:08:11', '2020-12-24 15:38:18'),
(230, 'YGKac3d17535b4ff220252572e1', '12105f1b5e4b151a', 79, '', '2020-12-24', '11:08:11', '2020-12-24 15:38:18'),
(231, 'YGKac3d17535b4ff220252572e1', '12105f1b5e4b151a', 80, '', '2020-12-24', '11:08:11', '2020-12-24 15:38:18'),
(232, 'YGKac3d17535b4ff220252572e1', '12105f1b5e4b151a', 81, '', '2020-12-24', '11:08:11', '2020-12-24 15:38:18'),
(233, 'YGKac3d17535b4ff220252572e1', '12105f1b5e4b151a', 82, '', '2020-12-24', '11:08:11', '2020-12-24 15:38:18'),
(234, 'YGKac3d17535b4ff220252572e1', '12105f1b5e4b151a', 83, '', '2020-12-24', '11:08:11', '2020-12-24 15:38:18'),
(235, 'YGKac3d17535b4ff220252572e1', '12105f1b5e4b151a', 84, '', '2020-12-24', '11:08:11', '2020-12-24 15:38:18'),
(236, 'YGKac3d17535b4ff220252572e1', '12105f1b5e4b151a', 85, '', '2020-12-24', '11:08:11', '2020-12-24 15:38:18'),
(237, 'YGKac3d17535b4ff220252572e1', '12105f1b5e4b151a', 86, '', '2020-12-24', '11:08:11', '2020-12-24 15:38:18'),
(238, 'YGKac3d17535b4ff220252572e1', '12105f1b5e4b151a', 87, '', '2020-12-24', '11:08:11', '2020-12-24 15:38:18'),
(239, 'YGKac3d17535b4ff220252572e1', '12105f1b5e4b151a', 88, '', '2020-12-24', '11:08:11', '2020-12-24 15:38:18'),
(240, 'YGKac3d17535b4ff220252572e1', '12105f1b5e4b151a', 89, '', '2020-12-24', '11:08:11', '2020-12-24 15:38:18'),
(241, 'YGKac3d17535b4ff220252572e1', '12105f1b5e4b151a', 90, '', '2020-12-24', '11:08:11', '2020-12-24 15:38:18'),
(242, 'YGKac3d17535b4ff220252572e1', '12105f1b5e4b151a', 91, '', '2020-12-24', '11:08:11', '2020-12-24 15:38:18'),
(243, 'YGKac3d17535b4ff220252572e1', '12105f1b5e4b151a', 92, '', '2020-12-24', '11:08:11', '2020-12-24 15:38:18'),
(244, 'YGKac3d17535b4ff220252572e1', '12105f1b5e4b151a', 93, '', '2020-12-24', '11:08:11', '2020-12-24 15:38:18'),
(245, 'YGKac3d17535b4ff220252572e1', '12105f1b5e4b151a', 94, '', '2020-12-24', '11:08:11', '2020-12-24 15:38:18'),
(246, 'YGKac3d17535b4ff220252572e1', '12105f1b5e4b151a', 95, '', '2020-12-24', '11:08:11', '2020-12-24 15:38:18'),
(247, 'YGKac3d17535b4ff220252572e1', '12105f1b5e4b151a', 96, '', '2020-12-24', '11:08:11', '2020-12-24 15:38:18'),
(248, 'YGKac3d17535b4ff220252572e1', '12105f1b5e4b151a', 97, '', '2020-12-24', '11:08:11', '2020-12-24 15:38:18'),
(249, 'YGKac3d17535b4ff220252572e1', '12105f1b5e4b151a', 98, '', '2020-12-24', '11:08:11', '2020-12-24 15:38:18'),
(250, 'YGKac3d17535b4ff220252572e1', '12105f1b5e4b151a', 99, '', '2020-12-24', '11:08:11', '2020-12-24 15:38:18'),
(251, 'YGKac3d17535b4ff220252572e1', '12105f1b5e4b151a', 100, '', '2020-12-24', '11:08:11', '2020-12-24 15:38:18'),
(252, 'YGKac3d17535b4ff220252572e1', '12105f1b5e4b151a', 101, '', '2020-12-24', '11:08:11', '2020-12-24 15:38:19'),
(253, 'YGKac3d17535b4ff220252572e1', '12105f1b5e4b151a', 102, '', '2020-12-24', '11:08:11', '2020-12-24 15:38:19'),
(254, 'YGKac3d17535b4ff220252572e1', '12105f1b5e4b151a', 103, '', '2020-12-24', '11:08:11', '2020-12-24 15:38:19'),
(255, 'YGKac3d17535b4ff220252572e1', '12105f1b5e4b151a', 104, '', '2020-12-24', '11:08:11', '2020-12-24 15:38:19'),
(256, 'YGKac3d17535b4ff220252572e1', '12105f1b5e4b151a', 105, '', '2020-12-24', '11:08:11', '2020-12-24 15:38:19'),
(257, 'YGKac3d17535b4ff220252572e1', '12105f1b5e4b151a', 106, '', '2020-12-24', '11:08:11', '2020-12-24 15:38:19'),
(258, 'YGKac3d17535b4ff220252572e1', '12105f1b5e4b151a', 107, '', '2020-12-24', '11:08:11', '2020-12-24 15:38:19'),
(259, 'YGKac3d17535b4ff220252572e1', '12105f1b5e4b151a', 108, '', '2020-12-24', '11:08:11', '2020-12-24 15:38:19'),
(260, 'YGKac3d17535b4ff220252572e1', '12105f1b5e4b151a', 109, '', '2020-12-24', '11:08:11', '2020-12-24 15:38:19'),
(261, 'YGKac3d17535b4ff220252572e1', '12105f1b5e4b151a', 110, '', '2020-12-24', '11:08:11', '2020-12-24 15:38:19'),
(262, 'YGKac3d17535b4ff220252572e1', '12105f1b5e4b151a', 111, '', '2020-12-24', '11:08:11', '2020-12-24 15:38:19'),
(263, 'YGKac3d17535b4ff220252572e1', '12105f1b5e4b151a', 112, '', '2020-12-24', '11:08:11', '2020-12-24 15:38:19'),
(264, 'YGKac3d17535b4ff220252572e1', '12105f1b5e4b151a', 113, '', '2020-12-24', '11:08:11', '2020-12-24 15:38:19'),
(265, 'YGKac3d17535b4ff220252572e1', '12105f1b5e4b151a', 114, '', '2020-12-24', '11:08:11', '2020-12-24 15:38:19'),
(266, 'YGKac3d17535b4ff220252572e1', '12105f1b5e4b151a', 115, '', '2020-12-24', '11:08:11', '2020-12-24 15:38:19'),
(267, 'YGKac3d17535b4ff220252572e1', '12105f1b5e4b151a', 116, '', '2020-12-24', '11:08:11', '2020-12-24 15:38:19'),
(268, 'YGKac3d17535b4ff220252572e1', '12105f1b5e4b151a', 117, '', '2020-12-24', '11:08:11', '2020-12-24 15:38:19'),
(269, 'YGKac3d17535b4ff220252572e1', '12105f1b5e4b151a', 118, '', '2020-12-24', '11:08:11', '2020-12-24 15:38:19'),
(270, 'YGKac3d17535b4ff220252572e1', '12105f1b5e4b151a', 119, '', '2020-12-24', '11:08:11', '2020-12-24 15:38:20'),
(271, 'YGKac3d17535b4ff220252572e1', '12105f1b5e4b151a', 120, '', '2020-12-24', '11:08:11', '2020-12-24 15:38:20'),
(272, 'YGKac3d17535b4ff220252572e1', '12105f1b5e4b151a', 121, '', '2020-12-24', '11:08:11', '2020-12-24 15:38:20'),
(273, 'YGKac3d17535b4ff220252572e1', '12105f1b5e4b151a', 122, '', '2020-12-24', '11:08:11', '2020-12-24 15:38:20'),
(274, 'YGKac3d17535b4ff220252572e1', '12105f1b5e4b151a', 123, '', '2020-12-24', '11:08:11', '2020-12-24 15:38:20'),
(275, 'YGKac3d17535b4ff220252572e1', '12105f1b5e4b151a', 124, '', '2020-12-24', '11:08:11', '2020-12-24 15:38:20'),
(276, 'YGKac3d17535b4ff220252572e1', '12105f1b5e4b151a', 125, '', '2020-12-24', '11:08:11', '2020-12-24 15:38:20'),
(277, 'YGKac3d17535b4ff220252572e1', '12105f1b5e4b151a', 126, '', '2020-12-24', '11:08:11', '2020-12-24 15:38:20'),
(278, 'YGKac3d17535b4ff220252572e1', '12105f1b5e4b151a', 127, '', '2020-12-24', '11:08:11', '2020-12-24 15:38:20'),
(279, 'YGKac3d17535b4ff220252572e1', '12105f1b5e4b151a', 128, '', '2020-12-24', '11:08:11', '2020-12-24 15:38:20'),
(280, 'YGKac3d17535b4ff220252572e1', '12105f1b5e4b151a', 129, '', '2020-12-24', '11:08:11', '2020-12-24 15:38:20'),
(281, 'YGKac3d17535b4ff220252572e1', '12105f1b5e4b151a', 130, '', '2020-12-24', '11:08:11', '2020-12-24 15:38:20'),
(282, 'YGKac3d17535b4ff220252572e1', '12105f1b5e4b151a', 131, '', '2020-12-24', '11:08:11', '2020-12-24 15:38:20'),
(283, 'YGKac3d17535b4ff220252572e1', '12105f1b5e4b151a', 132, '', '2020-12-24', '11:08:11', '2020-12-24 15:38:20'),
(284, 'YGKac3d17535b4ff220252572e1', '12105f1b5e4b151a', 133, '', '2020-12-24', '11:08:11', '2020-12-24 15:38:20'),
(285, 'YGKac3d17535b4ff220252572e1', '12105f1b5e4b151a', 134, '', '2020-12-24', '11:08:11', '2020-12-24 15:38:20'),
(286, 'YGKac3d17535b4ff220252572e1', '12105f1b5e4b151a', 135, '', '2020-12-24', '11:08:11', '2020-12-24 15:38:20'),
(287, 'YGKac3d17535b4ff220252572e1', '12105f1b5e4b151a', 136, '', '2020-12-24', '11:08:11', '2020-12-24 15:38:20'),
(288, 'YGKac3d17535b4ff220252572e1', '12105f1b5e4b151a', 137, '', '2020-12-24', '11:08:11', '2020-12-24 15:38:20'),
(289, 'YGKac3d17535b4ff220252572e1', '12105f1b5e4b151a', 138, '', '2020-12-24', '11:08:11', '2020-12-24 15:38:20'),
(290, 'YGKac3d17535b4ff220252572e1', '12105f1b5e4b151a', 139, '', '2020-12-24', '11:08:11', '2020-12-24 15:38:20'),
(291, 'YGKac3d17535b4ff220252572e1', '12105f1b5e4b151a', 140, '', '2020-12-24', '11:08:11', '2020-12-24 15:38:20'),
(292, 'YGKac3d17535b4ff220252572e1', '12105f1b5e4b151a', 141, '', '2020-12-24', '11:08:11', '2020-12-24 15:38:20'),
(293, 'YGKac3d17535b4ff220252572e1', '12105f1b5e4b151a', 142, '', '2020-12-24', '11:08:11', '2020-12-24 15:38:20'),
(294, 'YGKac3d17535b4ff220252572e1', '12105f1b5e4b151a', 143, '', '2020-12-24', '11:08:11', '2020-12-24 15:38:20'),
(295, 'YGKac3d17535b4ff220252572e1', '12105f1b5e4b151a', 144, '', '2020-12-24', '11:08:11', '2020-12-24 15:38:20'),
(296, 'YGKac3d17535b4ff220252572e1', '12105f1b5e4b151a', 145, '', '2020-12-24', '11:08:11', '2020-12-24 15:38:20'),
(297, 'YGKac3d17535b4ff220252572e1', '12105f1b5e4b151a', 146, '', '2020-12-24', '11:08:11', '2020-12-24 15:38:20'),
(298, 'YGKac3d17535b4ff220252572e1', '12105f1b5e4b151a', 147, '', '2020-12-24', '11:08:11', '2020-12-24 15:38:20'),
(299, 'YGKac3d17535b4ff220252572e1', '12105f1b5e4b151a', 148, '', '2020-12-24', '11:08:11', '2020-12-24 15:38:20'),
(300, 'YGKac3d17535b4ff220252572e1', '12105f1b5e4b151a', 149, '', '2020-12-24', '11:08:11', '2020-12-24 15:38:20'),
(301, 'YGKac3d17535b4ff220252572e1', '12105f1b5e4b151a', 150, '', '2020-12-24', '11:08:11', '2020-12-24 15:38:20'),
(302, 'YGKac3d17535b4ff220252572e1', '12105f1b5e4b151a', 151, '', '2020-12-24', '11:08:11', '2020-12-24 15:38:20'),
(303, 'YGKd5603373bfcca97581d7950a', '9eb75501aa5a6bfb', 1, 'q', '2020-12-24', '11:09:20', '2020-12-24 15:39:31'),
(304, 'YGKd5603373bfcca97581d7950a', '9eb75501aa5a6bfb', 2, 'frg', '2020-12-24', '11:09:20', '2020-12-24 15:39:31'),
(305, 'YGKd5603373bfcca97581d7950a', '9eb75501aa5a6bfb', 3, 'ssdf', '2020-12-24', '11:09:20', '2020-12-24 15:39:31'),
(306, 'YGKd5603373bfcca97581d7950a', '9eb75501aa5a6bfb', 4, 'dsw', '2020-12-24', '11:09:20', '2020-12-24 15:39:31'),
(307, 'YGKd5603373bfcca97581d7950a', '9eb75501aa5a6bfb', 5, 'ad', '2020-12-24', '11:09:20', '2020-12-24 15:39:31'),
(308, 'YGKd5603373bfcca97581d7950a', '9eb75501aa5a6bfb', 6, 'ad', '2020-12-24', '11:09:20', '2020-12-24 15:39:31'),
(309, 'YGKd5603373bfcca97581d7950a', '9eb75501aa5a6bfb', 7, 'asd', '2020-12-24', '11:09:20', '2020-12-24 15:39:31'),
(310, 'YGKd5603373bfcca97581d7950a', '9eb75501aa5a6bfb', 8, 'xasd', '2020-12-24', '11:09:20', '2020-12-24 15:39:31'),
(311, 'YGKd5603373bfcca97581d7950a', '9eb75501aa5a6bfb', 9, 'eda', '2020-12-24', '11:09:20', '2020-12-24 15:39:31'),
(312, 'YGKd5603373bfcca97581d7950a', '9eb75501aa5a6bfb', 10, 'das', '2020-12-24', '11:09:20', '2020-12-24 15:39:31'),
(313, 'YGKd5603373bfcca97581d7950a', '9eb75501aa5a6bfb', 11, 'w', '2020-12-24', '11:09:20', '2020-12-24 15:39:31'),
(314, 'YGKd5603373bfcca97581d7950a', '9eb75501aa5a6bfb', 12, '', '2020-12-24', '11:09:20', '2020-12-24 15:39:32'),
(315, 'YGKd5603373bfcca97581d7950a', '9eb75501aa5a6bfb', 13, '', '2020-12-24', '11:09:20', '2020-12-24 15:39:32'),
(316, 'YGKd5603373bfcca97581d7950a', '9eb75501aa5a6bfb', 14, '', '2020-12-24', '11:09:20', '2020-12-24 15:39:32'),
(317, 'YGKd5603373bfcca97581d7950a', '9eb75501aa5a6bfb', 15, '', '2020-12-24', '11:09:20', '2020-12-24 15:39:32'),
(318, 'YGKd5603373bfcca97581d7950a', '9eb75501aa5a6bfb', 16, '', '2020-12-24', '11:09:20', '2020-12-24 15:39:32'),
(319, 'YGKd5603373bfcca97581d7950a', '9eb75501aa5a6bfb', 17, '', '2020-12-24', '11:09:20', '2020-12-24 15:39:32'),
(320, 'YGKd5603373bfcca97581d7950a', '9eb75501aa5a6bfb', 18, '', '2020-12-24', '11:09:20', '2020-12-24 15:39:32'),
(321, 'YGKd5603373bfcca97581d7950a', '9eb75501aa5a6bfb', 19, '', '2020-12-24', '11:09:20', '2020-12-24 15:39:32'),
(322, 'YGKd5603373bfcca97581d7950a', '9eb75501aa5a6bfb', 20, '', '2020-12-24', '11:09:20', '2020-12-24 15:39:32'),
(323, 'YGKd5603373bfcca97581d7950a', '9eb75501aa5a6bfb', 21, '', '2020-12-24', '11:09:20', '2020-12-24 15:39:32'),
(324, 'YGKd5603373bfcca97581d7950a', '9eb75501aa5a6bfb', 22, '', '2020-12-24', '11:09:20', '2020-12-24 15:39:32'),
(325, 'YGKd5603373bfcca97581d7950a', '9eb75501aa5a6bfb', 23, '', '2020-12-24', '11:09:20', '2020-12-24 15:39:32'),
(326, 'YGKd5603373bfcca97581d7950a', '9eb75501aa5a6bfb', 24, '', '2020-12-24', '11:09:20', '2020-12-24 15:39:32'),
(327, 'YGKd5603373bfcca97581d7950a', '9eb75501aa5a6bfb', 25, '', '2020-12-24', '11:09:20', '2020-12-24 15:39:32'),
(328, 'YGKd5603373bfcca97581d7950a', '9eb75501aa5a6bfb', 26, '', '2020-12-24', '11:09:20', '2020-12-24 15:39:32'),
(329, 'YGKd5603373bfcca97581d7950a', '9eb75501aa5a6bfb', 27, '', '2020-12-24', '11:09:20', '2020-12-24 15:39:32'),
(330, 'YGKd5603373bfcca97581d7950a', '9eb75501aa5a6bfb', 28, '', '2020-12-24', '11:09:20', '2020-12-24 15:39:32'),
(331, 'YGKd5603373bfcca97581d7950a', '9eb75501aa5a6bfb', 29, '', '2020-12-24', '11:09:20', '2020-12-24 15:39:32'),
(332, 'YGKd5603373bfcca97581d7950a', '9eb75501aa5a6bfb', 30, '', '2020-12-24', '11:09:20', '2020-12-24 15:39:32'),
(333, 'YGKd5603373bfcca97581d7950a', '9eb75501aa5a6bfb', 31, '', '2020-12-24', '11:09:20', '2020-12-24 15:39:32'),
(334, 'YGKd5603373bfcca97581d7950a', '9eb75501aa5a6bfb', 32, '', '2020-12-24', '11:09:20', '2020-12-24 15:39:32'),
(335, 'YGKd5603373bfcca97581d7950a', '9eb75501aa5a6bfb', 33, '', '2020-12-24', '11:09:20', '2020-12-24 15:39:32'),
(336, 'YGKd5603373bfcca97581d7950a', '9eb75501aa5a6bfb', 34, '', '2020-12-24', '11:09:20', '2020-12-24 15:39:32'),
(337, 'YGKd5603373bfcca97581d7950a', '9eb75501aa5a6bfb', 35, '', '2020-12-24', '11:09:20', '2020-12-24 15:39:33'),
(338, 'YGKd5603373bfcca97581d7950a', '9eb75501aa5a6bfb', 36, '', '2020-12-24', '11:09:20', '2020-12-24 15:39:33'),
(339, 'YGKd5603373bfcca97581d7950a', '9eb75501aa5a6bfb', 37, '', '2020-12-24', '11:09:20', '2020-12-24 15:39:33'),
(340, 'YGKd5603373bfcca97581d7950a', '9eb75501aa5a6bfb', 38, '', '2020-12-24', '11:09:20', '2020-12-24 15:39:33'),
(341, 'YGKd5603373bfcca97581d7950a', '9eb75501aa5a6bfb', 39, '', '2020-12-24', '11:09:20', '2020-12-24 15:39:33'),
(342, 'YGKd5603373bfcca97581d7950a', '9eb75501aa5a6bfb', 40, '', '2020-12-24', '11:09:20', '2020-12-24 15:39:33'),
(343, 'YGKd5603373bfcca97581d7950a', '9eb75501aa5a6bfb', 41, '', '2020-12-24', '11:09:20', '2020-12-24 15:39:33'),
(344, 'YGKd5603373bfcca97581d7950a', '9eb75501aa5a6bfb', 42, '', '2020-12-24', '11:09:20', '2020-12-24 15:39:33'),
(345, 'YGKd5603373bfcca97581d7950a', '9eb75501aa5a6bfb', 43, '', '2020-12-24', '11:09:20', '2020-12-24 15:39:33'),
(346, 'YGKd5603373bfcca97581d7950a', '9eb75501aa5a6bfb', 44, '', '2020-12-24', '11:09:20', '2020-12-24 15:39:33'),
(347, 'YGKd5603373bfcca97581d7950a', '9eb75501aa5a6bfb', 45, '', '2020-12-24', '11:09:20', '2020-12-24 15:39:33'),
(348, 'YGKd5603373bfcca97581d7950a', '9eb75501aa5a6bfb', 46, '', '2020-12-24', '11:09:20', '2020-12-24 15:39:33'),
(349, 'YGKd5603373bfcca97581d7950a', '9eb75501aa5a6bfb', 47, '', '2020-12-24', '11:09:20', '2020-12-24 15:39:33'),
(350, 'YGKd5603373bfcca97581d7950a', '9eb75501aa5a6bfb', 48, '', '2020-12-24', '11:09:20', '2020-12-24 15:39:33'),
(351, 'YGKd5603373bfcca97581d7950a', '9eb75501aa5a6bfb', 49, '', '2020-12-24', '11:09:20', '2020-12-24 15:39:33'),
(352, 'YGKd5603373bfcca97581d7950a', '9eb75501aa5a6bfb', 50, '', '2020-12-24', '11:09:20', '2020-12-24 15:39:33'),
(353, 'YGKd5603373bfcca97581d7950a', '9eb75501aa5a6bfb', 51, '', '2020-12-24', '11:09:20', '2020-12-24 15:39:34'),
(354, 'YGKd5603373bfcca97581d7950a', '9eb75501aa5a6bfb', 52, '', '2020-12-24', '11:09:20', '2020-12-24 15:39:34'),
(355, 'YGKd5603373bfcca97581d7950a', '9eb75501aa5a6bfb', 53, '', '2020-12-24', '11:09:20', '2020-12-24 15:39:34'),
(356, 'YGKd5603373bfcca97581d7950a', '9eb75501aa5a6bfb', 54, '', '2020-12-24', '11:09:20', '2020-12-24 15:39:34'),
(357, 'YGKd5603373bfcca97581d7950a', '9eb75501aa5a6bfb', 55, '', '2020-12-24', '11:09:20', '2020-12-24 15:39:34'),
(358, 'YGKd5603373bfcca97581d7950a', '9eb75501aa5a6bfb', 56, '', '2020-12-24', '11:09:20', '2020-12-24 15:39:34'),
(359, 'YGKd5603373bfcca97581d7950a', '9eb75501aa5a6bfb', 57, '', '2020-12-24', '11:09:20', '2020-12-24 15:39:34'),
(360, 'YGKd5603373bfcca97581d7950a', '9eb75501aa5a6bfb', 58, '', '2020-12-24', '11:09:20', '2020-12-24 15:39:34'),
(361, 'YGKd5603373bfcca97581d7950a', '9eb75501aa5a6bfb', 59, '', '2020-12-24', '11:09:20', '2020-12-24 15:39:34'),
(362, 'YGKd5603373bfcca97581d7950a', '9eb75501aa5a6bfb', 60, '', '2020-12-24', '11:09:20', '2020-12-24 15:39:34'),
(363, 'YGKd5603373bfcca97581d7950a', '9eb75501aa5a6bfb', 61, '', '2020-12-24', '11:09:20', '2020-12-24 15:39:34'),
(364, 'YGKd5603373bfcca97581d7950a', '9eb75501aa5a6bfb', 62, '', '2020-12-24', '11:09:20', '2020-12-24 15:39:34'),
(365, 'YGKd5603373bfcca97581d7950a', '9eb75501aa5a6bfb', 63, '', '2020-12-24', '11:09:20', '2020-12-24 15:39:34'),
(366, 'YGKd5603373bfcca97581d7950a', '9eb75501aa5a6bfb', 64, '', '2020-12-24', '11:09:20', '2020-12-24 15:39:34'),
(367, 'YGKd5603373bfcca97581d7950a', '9eb75501aa5a6bfb', 65, '', '2020-12-24', '11:09:20', '2020-12-24 15:39:34'),
(368, 'YGKd5603373bfcca97581d7950a', '9eb75501aa5a6bfb', 66, '', '2020-12-24', '11:09:20', '2020-12-24 15:39:34'),
(369, 'YGKd5603373bfcca97581d7950a', '9eb75501aa5a6bfb', 67, '', '2020-12-24', '11:09:20', '2020-12-24 15:39:34'),
(370, 'YGKd5603373bfcca97581d7950a', '9eb75501aa5a6bfb', 68, '', '2020-12-24', '11:09:20', '2020-12-24 15:39:34'),
(371, 'YGKd5603373bfcca97581d7950a', '9eb75501aa5a6bfb', 69, '', '2020-12-24', '11:09:20', '2020-12-24 15:39:34'),
(372, 'YGKd5603373bfcca97581d7950a', '9eb75501aa5a6bfb', 70, '', '2020-12-24', '11:09:20', '2020-12-24 15:39:34'),
(373, 'YGKd5603373bfcca97581d7950a', '9eb75501aa5a6bfb', 71, '', '2020-12-24', '11:09:20', '2020-12-24 15:39:34'),
(374, 'YGKd5603373bfcca97581d7950a', '9eb75501aa5a6bfb', 72, '', '2020-12-24', '11:09:20', '2020-12-24 15:39:34'),
(375, 'YGKd5603373bfcca97581d7950a', '9eb75501aa5a6bfb', 73, '', '2020-12-24', '11:09:20', '2020-12-24 15:39:34'),
(376, 'YGKd5603373bfcca97581d7950a', '9eb75501aa5a6bfb', 74, '', '2020-12-24', '11:09:20', '2020-12-24 15:39:34'),
(377, 'YGKd5603373bfcca97581d7950a', '9eb75501aa5a6bfb', 75, '', '2020-12-24', '11:09:20', '2020-12-24 15:39:34'),
(378, 'YGKd5603373bfcca97581d7950a', '9eb75501aa5a6bfb', 76, '', '2020-12-24', '11:09:20', '2020-12-24 15:39:34'),
(379, 'YGKd5603373bfcca97581d7950a', '9eb75501aa5a6bfb', 77, '', '2020-12-24', '11:09:20', '2020-12-24 15:39:34'),
(380, 'YGKd5603373bfcca97581d7950a', '9eb75501aa5a6bfb', 78, '', '2020-12-24', '11:09:20', '2020-12-24 15:39:34'),
(381, 'YGKd5603373bfcca97581d7950a', '9eb75501aa5a6bfb', 79, '', '2020-12-24', '11:09:20', '2020-12-24 15:39:34'),
(382, 'YGKd5603373bfcca97581d7950a', '9eb75501aa5a6bfb', 80, '', '2020-12-24', '11:09:20', '2020-12-24 15:39:35'),
(383, 'YGKd5603373bfcca97581d7950a', '9eb75501aa5a6bfb', 81, '', '2020-12-24', '11:09:20', '2020-12-24 15:39:35'),
(384, 'YGKd5603373bfcca97581d7950a', '9eb75501aa5a6bfb', 82, '', '2020-12-24', '11:09:20', '2020-12-24 15:39:35'),
(385, 'YGKd5603373bfcca97581d7950a', '9eb75501aa5a6bfb', 83, '', '2020-12-24', '11:09:20', '2020-12-24 15:39:35'),
(386, 'YGKd5603373bfcca97581d7950a', '9eb75501aa5a6bfb', 84, '', '2020-12-24', '11:09:20', '2020-12-24 15:39:35'),
(387, 'YGKd5603373bfcca97581d7950a', '9eb75501aa5a6bfb', 85, '', '2020-12-24', '11:09:20', '2020-12-24 15:39:35'),
(388, 'YGKd5603373bfcca97581d7950a', '9eb75501aa5a6bfb', 86, '', '2020-12-24', '11:09:20', '2020-12-24 15:39:35'),
(389, 'YGKd5603373bfcca97581d7950a', '9eb75501aa5a6bfb', 87, '', '2020-12-24', '11:09:20', '2020-12-24 15:39:35'),
(390, 'YGKd5603373bfcca97581d7950a', '9eb75501aa5a6bfb', 88, '', '2020-12-24', '11:09:20', '2020-12-24 15:39:35'),
(391, 'YGKd5603373bfcca97581d7950a', '9eb75501aa5a6bfb', 89, '', '2020-12-24', '11:09:20', '2020-12-24 15:39:35'),
(392, 'YGKd5603373bfcca97581d7950a', '9eb75501aa5a6bfb', 90, '', '2020-12-24', '11:09:20', '2020-12-24 15:39:35'),
(393, 'YGKd5603373bfcca97581d7950a', '9eb75501aa5a6bfb', 91, '', '2020-12-24', '11:09:20', '2020-12-24 15:39:35'),
(394, 'YGKd5603373bfcca97581d7950a', '9eb75501aa5a6bfb', 92, '', '2020-12-24', '11:09:20', '2020-12-24 15:39:35'),
(395, 'YGKd5603373bfcca97581d7950a', '9eb75501aa5a6bfb', 93, '', '2020-12-24', '11:09:20', '2020-12-24 15:39:35'),
(396, 'YGKd5603373bfcca97581d7950a', '9eb75501aa5a6bfb', 94, '', '2020-12-24', '11:09:20', '2020-12-24 15:39:35'),
(397, 'YGKd5603373bfcca97581d7950a', '9eb75501aa5a6bfb', 95, '', '2020-12-24', '11:09:20', '2020-12-24 15:39:35'),
(398, 'YGKd5603373bfcca97581d7950a', '9eb75501aa5a6bfb', 96, '', '2020-12-24', '11:09:20', '2020-12-24 15:39:35'),
(399, 'YGKd5603373bfcca97581d7950a', '9eb75501aa5a6bfb', 97, '', '2020-12-24', '11:09:20', '2020-12-24 15:39:35'),
(400, 'YGKd5603373bfcca97581d7950a', '9eb75501aa5a6bfb', 98, '', '2020-12-24', '11:09:20', '2020-12-24 15:39:35'),
(401, 'YGKd5603373bfcca97581d7950a', '9eb75501aa5a6bfb', 99, '', '2020-12-24', '11:09:20', '2020-12-24 15:39:35'),
(402, 'YGKd5603373bfcca97581d7950a', '9eb75501aa5a6bfb', 100, '', '2020-12-24', '11:09:20', '2020-12-24 15:39:35'),
(403, 'YGKd5603373bfcca97581d7950a', '9eb75501aa5a6bfb', 101, '', '2020-12-24', '11:09:20', '2020-12-24 15:39:35'),
(404, 'YGKd5603373bfcca97581d7950a', '9eb75501aa5a6bfb', 102, '', '2020-12-24', '11:09:20', '2020-12-24 15:39:35'),
(405, 'YGKd5603373bfcca97581d7950a', '9eb75501aa5a6bfb', 103, '', '2020-12-24', '11:09:20', '2020-12-24 15:39:35'),
(406, 'YGKd5603373bfcca97581d7950a', '9eb75501aa5a6bfb', 104, '', '2020-12-24', '11:09:20', '2020-12-24 15:39:35'),
(407, 'YGKd5603373bfcca97581d7950a', '9eb75501aa5a6bfb', 105, '', '2020-12-24', '11:09:20', '2020-12-24 15:39:35'),
(408, 'YGKd5603373bfcca97581d7950a', '9eb75501aa5a6bfb', 106, '', '2020-12-24', '11:09:20', '2020-12-24 15:39:36'),
(409, 'YGKd5603373bfcca97581d7950a', '9eb75501aa5a6bfb', 107, '', '2020-12-24', '11:09:20', '2020-12-24 15:39:36'),
(410, 'YGKd5603373bfcca97581d7950a', '9eb75501aa5a6bfb', 108, '', '2020-12-24', '11:09:20', '2020-12-24 15:39:36'),
(411, 'YGKd5603373bfcca97581d7950a', '9eb75501aa5a6bfb', 109, '', '2020-12-24', '11:09:20', '2020-12-24 15:39:36'),
(412, 'YGKd5603373bfcca97581d7950a', '9eb75501aa5a6bfb', 110, '', '2020-12-24', '11:09:20', '2020-12-24 15:39:36'),
(413, 'YGKd5603373bfcca97581d7950a', '9eb75501aa5a6bfb', 111, '', '2020-12-24', '11:09:20', '2020-12-24 15:39:36'),
(414, 'YGKd5603373bfcca97581d7950a', '9eb75501aa5a6bfb', 112, '', '2020-12-24', '11:09:20', '2020-12-24 15:39:36'),
(415, 'YGKd5603373bfcca97581d7950a', '9eb75501aa5a6bfb', 113, '', '2020-12-24', '11:09:20', '2020-12-24 15:39:36'),
(416, 'YGKd5603373bfcca97581d7950a', '9eb75501aa5a6bfb', 114, '', '2020-12-24', '11:09:20', '2020-12-24 15:39:36'),
(417, 'YGKd5603373bfcca97581d7950a', '9eb75501aa5a6bfb', 115, '', '2020-12-24', '11:09:20', '2020-12-24 15:39:36'),
(418, 'YGKd5603373bfcca97581d7950a', '9eb75501aa5a6bfb', 116, '', '2020-12-24', '11:09:20', '2020-12-24 15:39:36'),
(419, 'YGKd5603373bfcca97581d7950a', '9eb75501aa5a6bfb', 117, '', '2020-12-24', '11:09:20', '2020-12-24 15:39:36'),
(420, 'YGKd5603373bfcca97581d7950a', '9eb75501aa5a6bfb', 118, '', '2020-12-24', '11:09:20', '2020-12-24 15:39:36'),
(421, 'YGKd5603373bfcca97581d7950a', '9eb75501aa5a6bfb', 119, '', '2020-12-24', '11:09:20', '2020-12-24 15:39:36'),
(422, 'YGKd5603373bfcca97581d7950a', '9eb75501aa5a6bfb', 120, '', '2020-12-24', '11:09:20', '2020-12-24 15:39:36'),
(423, 'YGKd5603373bfcca97581d7950a', '9eb75501aa5a6bfb', 121, '', '2020-12-24', '11:09:20', '2020-12-24 15:39:36'),
(424, 'YGKd5603373bfcca97581d7950a', '9eb75501aa5a6bfb', 122, '', '2020-12-24', '11:09:20', '2020-12-24 15:39:36'),
(425, 'YGKd5603373bfcca97581d7950a', '9eb75501aa5a6bfb', 123, '', '2020-12-24', '11:09:20', '2020-12-24 15:39:36'),
(426, 'YGKd5603373bfcca97581d7950a', '9eb75501aa5a6bfb', 124, '', '2020-12-24', '11:09:20', '2020-12-24 15:39:36'),
(427, 'YGKd5603373bfcca97581d7950a', '9eb75501aa5a6bfb', 125, '', '2020-12-24', '11:09:20', '2020-12-24 15:39:36'),
(428, 'YGKd5603373bfcca97581d7950a', '9eb75501aa5a6bfb', 126, '', '2020-12-24', '11:09:20', '2020-12-24 15:39:36'),
(429, 'YGKd5603373bfcca97581d7950a', '9eb75501aa5a6bfb', 127, '', '2020-12-24', '11:09:20', '2020-12-24 15:39:36'),
(430, 'YGKd5603373bfcca97581d7950a', '9eb75501aa5a6bfb', 128, '', '2020-12-24', '11:09:20', '2020-12-24 15:39:36'),
(431, 'YGKd5603373bfcca97581d7950a', '9eb75501aa5a6bfb', 129, '', '2020-12-24', '11:09:20', '2020-12-24 15:39:36'),
(432, 'YGKd5603373bfcca97581d7950a', '9eb75501aa5a6bfb', 130, '', '2020-12-24', '11:09:20', '2020-12-24 15:39:36'),
(433, 'YGKd5603373bfcca97581d7950a', '9eb75501aa5a6bfb', 131, '', '2020-12-24', '11:09:20', '2020-12-24 15:39:36'),
(434, 'YGKd5603373bfcca97581d7950a', '9eb75501aa5a6bfb', 132, '', '2020-12-24', '11:09:20', '2020-12-24 15:39:36'),
(435, 'YGKd5603373bfcca97581d7950a', '9eb75501aa5a6bfb', 133, '', '2020-12-24', '11:09:20', '2020-12-24 15:39:37'),
(436, 'YGKd5603373bfcca97581d7950a', '9eb75501aa5a6bfb', 134, '', '2020-12-24', '11:09:20', '2020-12-24 15:39:37'),
(437, 'YGKd5603373bfcca97581d7950a', '9eb75501aa5a6bfb', 135, '', '2020-12-24', '11:09:20', '2020-12-24 15:39:37'),
(438, 'YGKd5603373bfcca97581d7950a', '9eb75501aa5a6bfb', 136, '', '2020-12-24', '11:09:20', '2020-12-24 15:39:37'),
(439, 'YGKd5603373bfcca97581d7950a', '9eb75501aa5a6bfb', 137, '', '2020-12-24', '11:09:20', '2020-12-24 15:39:37'),
(440, 'YGKd5603373bfcca97581d7950a', '9eb75501aa5a6bfb', 138, '', '2020-12-24', '11:09:20', '2020-12-24 15:39:37');
INSERT INTO `drugs_male` (`id`, `order_id`, `token`, `drg_id`, `DrugValue`, `date`, `time`, `datetime`) VALUES
(441, 'YGKd5603373bfcca97581d7950a', '9eb75501aa5a6bfb', 139, '', '2020-12-24', '11:09:20', '2020-12-24 15:39:37'),
(442, 'YGKd5603373bfcca97581d7950a', '9eb75501aa5a6bfb', 140, '', '2020-12-24', '11:09:20', '2020-12-24 15:39:37'),
(443, 'YGKd5603373bfcca97581d7950a', '9eb75501aa5a6bfb', 141, '', '2020-12-24', '11:09:20', '2020-12-24 15:39:37'),
(444, 'YGKd5603373bfcca97581d7950a', '9eb75501aa5a6bfb', 142, '', '2020-12-24', '11:09:20', '2020-12-24 15:39:37'),
(445, 'YGKd5603373bfcca97581d7950a', '9eb75501aa5a6bfb', 143, '', '2020-12-24', '11:09:20', '2020-12-24 15:39:37'),
(446, 'YGKd5603373bfcca97581d7950a', '9eb75501aa5a6bfb', 144, '', '2020-12-24', '11:09:20', '2020-12-24 15:39:37'),
(447, 'YGKd5603373bfcca97581d7950a', '9eb75501aa5a6bfb', 145, '', '2020-12-24', '11:09:20', '2020-12-24 15:39:37'),
(448, 'YGKd5603373bfcca97581d7950a', '9eb75501aa5a6bfb', 146, '', '2020-12-24', '11:09:20', '2020-12-24 15:39:37'),
(449, 'YGKd5603373bfcca97581d7950a', '9eb75501aa5a6bfb', 147, '', '2020-12-24', '11:09:20', '2020-12-24 15:39:37'),
(450, 'YGKd5603373bfcca97581d7950a', '9eb75501aa5a6bfb', 148, '', '2020-12-24', '11:09:20', '2020-12-24 15:39:37'),
(451, 'YGKd5603373bfcca97581d7950a', '9eb75501aa5a6bfb', 149, '', '2020-12-24', '11:09:20', '2020-12-24 15:39:37'),
(452, 'YGKd5603373bfcca97581d7950a', '9eb75501aa5a6bfb', 150, '', '2020-12-24', '11:09:20', '2020-12-24 15:39:37'),
(453, 'YGKd5603373bfcca97581d7950a', '9eb75501aa5a6bfb', 151, '', '2020-12-24', '11:09:20', '2020-12-24 15:39:37');

-- --------------------------------------------------------

--
-- Table structure for table `drug_input_female`
--

CREATE TABLE `drug_input_female` (
  `id` int(11) NOT NULL,
  `value` varchar(225) NOT NULL,
  `status` tinyint(1) NOT NULL DEFAULT 1,
  `datetime` datetime NOT NULL DEFAULT current_timestamp()
) ENGINE=InnoDB DEFAULT CHARSET=utf8mb4;

--
-- Dumping data for table `drug_input_female`
--

INSERT INTO `drug_input_female` (`id`, `value`, `status`, `datetime`) VALUES
(1, 'q', 1, '2020-12-24 15:17:58'),
(2, 'frg', 1, '2020-12-24 15:17:58'),
(3, 'ssdf', 1, '2020-12-24 15:17:58'),
(4, 'dsw', 1, '2020-12-24 15:17:58'),
(5, 'ad', 1, '2020-12-24 15:17:58'),
(6, 'ad', 1, '2020-12-24 15:17:58'),
(7, 'asd', 1, '2020-12-24 15:17:58'),
(8, 'xasd', 1, '2020-12-24 15:17:58'),
(9, 'eda', 1, '2020-12-24 15:17:58'),
(10, 'das', 1, '2020-12-24 15:17:59');

-- --------------------------------------------------------

--
-- Table structure for table `drug_input_male`
--

CREATE TABLE `drug_input_male` (
  `id` int(11) NOT NULL,
  `value` varchar(33) NOT NULL,
  `datetime` datetime NOT NULL DEFAULT current_timestamp(),
  `status` tinyint(1) NOT NULL
) ENGINE=InnoDB DEFAULT CHARSET=utf8mb4;

--
-- Dumping data for table `drug_input_male`
--

INSERT INTO `drug_input_male` (`id`, `value`, `datetime`, `status`) VALUES
(1, 'q', '2020-12-24 15:39:26', 1),
(2, 'frg', '2020-12-24 15:39:26', 1),
(3, 'ssdf', '2020-12-24 15:39:26', 1),
(4, 'dsw', '2020-12-24 15:39:26', 1),
(5, 'ad', '2020-12-24 15:39:26', 1),
(6, 'ad', '2020-12-24 15:39:26', 1),
(7, 'asd', '2020-12-24 15:39:26', 1),
(8, 'xasd', '2020-12-24 15:39:26', 1),
(9, 'eda', '2020-12-24 15:39:26', 1),
(10, 'das', '2020-12-24 15:39:26', 1),
(11, 'w', '2020-12-24 15:39:26', 1),
(12, '', '2020-12-24 15:39:26', 1),
(13, '', '2020-12-24 15:39:26', 1),
(14, '', '2020-12-24 15:39:26', 1),
(15, '', '2020-12-24 15:39:26', 1),
(16, '', '2020-12-24 15:39:26', 1),
(17, '', '2020-12-24 15:39:26', 1),
(18, '', '2020-12-24 15:39:26', 1),
(19, '', '2020-12-24 15:39:27', 1),
(20, '', '2020-12-24 15:39:27', 1),
(21, '', '2020-12-24 15:39:27', 1),
(22, '', '2020-12-24 15:39:27', 1),
(23, '', '2020-12-24 15:39:27', 1),
(24, '', '2020-12-24 15:39:27', 1),
(25, '', '2020-12-24 15:39:27', 1),
(26, '', '2020-12-24 15:39:27', 1),
(27, '', '2020-12-24 15:39:27', 1),
(28, '', '2020-12-24 15:39:27', 1),
(29, '', '2020-12-24 15:39:27', 1),
(30, '', '2020-12-24 15:39:27', 1),
(31, '', '2020-12-24 15:39:27', 1),
(32, '', '2020-12-24 15:39:27', 1),
(33, '', '2020-12-24 15:39:27', 1),
(34, '', '2020-12-24 15:39:27', 1),
(35, '', '2020-12-24 15:39:27', 1),
(36, '', '2020-12-24 15:39:27', 1),
(37, '', '2020-12-24 15:39:27', 1),
(38, '', '2020-12-24 15:39:27', 1),
(39, '', '2020-12-24 15:39:27', 1),
(40, '', '2020-12-24 15:39:27', 1),
(41, '', '2020-12-24 15:39:27', 1),
(42, '', '2020-12-24 15:39:27', 1),
(43, '', '2020-12-24 15:39:27', 1),
(44, '', '2020-12-24 15:39:27', 1),
(45, '', '2020-12-24 15:39:27', 1),
(46, '', '2020-12-24 15:39:28', 1),
(47, '', '2020-12-24 15:39:28', 1),
(48, '', '2020-12-24 15:39:28', 1),
(49, '', '2020-12-24 15:39:28', 1),
(50, '', '2020-12-24 15:39:28', 1),
(51, '', '2020-12-24 15:39:28', 1),
(52, '', '2020-12-24 15:39:28', 1),
(53, '', '2020-12-24 15:39:28', 1),
(54, '', '2020-12-24 15:39:28', 1),
(55, '', '2020-12-24 15:39:28', 1),
(56, '', '2020-12-24 15:39:28', 1),
(57, '', '2020-12-24 15:39:28', 1),
(58, '', '2020-12-24 15:39:28', 1),
(59, '', '2020-12-24 15:39:28', 1),
(60, '', '2020-12-24 15:39:28', 1),
(61, '', '2020-12-24 15:39:28', 1),
(62, '', '2020-12-24 15:39:28', 1),
(63, '', '2020-12-24 15:39:28', 1),
(64, '', '2020-12-24 15:39:28', 1),
(65, '', '2020-12-24 15:39:28', 1),
(66, '', '2020-12-24 15:39:28', 1),
(67, '', '2020-12-24 15:39:28', 1),
(68, '', '2020-12-24 15:39:28', 1),
(69, '', '2020-12-24 15:39:28', 1),
(70, '', '2020-12-24 15:39:28', 1),
(71, '', '2020-12-24 15:39:28', 1),
(72, '', '2020-12-24 15:39:28', 1),
(73, '', '2020-12-24 15:39:28', 1),
(74, '', '2020-12-24 15:39:28', 1),
(75, '', '2020-12-24 15:39:28', 1),
(76, '', '2020-12-24 15:39:28', 1),
(77, '', '2020-12-24 15:39:28', 1),
(78, '', '2020-12-24 15:39:28', 1),
(79, '', '2020-12-24 15:39:29', 1),
(80, '', '2020-12-24 15:39:29', 1),
(81, '', '2020-12-24 15:39:29', 1),
(82, '', '2020-12-24 15:39:29', 1),
(83, '', '2020-12-24 15:39:29', 1),
(84, '', '2020-12-24 15:39:29', 1),
(85, '', '2020-12-24 15:39:29', 1),
(86, '', '2020-12-24 15:39:29', 1),
(87, '', '2020-12-24 15:39:29', 1),
(88, '', '2020-12-24 15:39:29', 1),
(89, '', '2020-12-24 15:39:29', 1),
(90, '', '2020-12-24 15:39:29', 1),
(91, '', '2020-12-24 15:39:29', 1),
(92, '', '2020-12-24 15:39:29', 1),
(93, '', '2020-12-24 15:39:29', 1),
(94, '', '2020-12-24 15:39:29', 1),
(95, '', '2020-12-24 15:39:29', 1),
(96, '', '2020-12-24 15:39:29', 1),
(97, '', '2020-12-24 15:39:29', 1),
(98, '', '2020-12-24 15:39:29', 1),
(99, '', '2020-12-24 15:39:29', 1),
(100, '', '2020-12-24 15:39:29', 1),
(101, '', '2020-12-24 15:39:29', 1),
(102, '', '2020-12-24 15:39:29', 1),
(103, '', '2020-12-24 15:39:29', 1),
(104, '', '2020-12-24 15:39:29', 1),
(105, '', '2020-12-24 15:39:30', 1),
(106, '', '2020-12-24 15:39:30', 1),
(107, '', '2020-12-24 15:39:30', 1),
(108, '', '2020-12-24 15:39:30', 1),
(109, '', '2020-12-24 15:39:30', 1),
(110, '', '2020-12-24 15:39:30', 1),
(111, '', '2020-12-24 15:39:30', 1),
(112, '', '2020-12-24 15:39:30', 1),
(113, '', '2020-12-24 15:39:30', 1),
(114, '', '2020-12-24 15:39:30', 1),
(115, '', '2020-12-24 15:39:30', 1),
(116, '', '2020-12-24 15:39:30', 1),
(117, '', '2020-12-24 15:39:30', 1),
(118, '', '2020-12-24 15:39:30', 1),
(119, '', '2020-12-24 15:39:30', 1),
(120, '', '2020-12-24 15:39:30', 1),
(121, '', '2020-12-24 15:39:30', 1),
(122, '', '2020-12-24 15:39:30', 1),
(123, '', '2020-12-24 15:39:30', 1),
(124, '', '2020-12-24 15:39:30', 1),
(125, '', '2020-12-24 15:39:30', 1),
(126, '', '2020-12-24 15:39:30', 1),
(127, '', '2020-12-24 15:39:30', 1),
(128, '', '2020-12-24 15:39:30', 1),
(129, '', '2020-12-24 15:39:30', 1),
(130, '', '2020-12-24 15:39:30', 1),
(131, '', '2020-12-24 15:39:30', 1),
(132, '', '2020-12-24 15:39:30', 1),
(133, '', '2020-12-24 15:39:30', 1),
(134, '', '2020-12-24 15:39:30', 1),
(135, '', '2020-12-24 15:39:30', 1),
(136, '', '2020-12-24 15:39:31', 1),
(137, '', '2020-12-24 15:39:31', 1),
(138, '', '2020-12-24 15:39:31', 1),
(139, '', '2020-12-24 15:39:31', 1),
(140, '', '2020-12-24 15:39:31', 1),
(141, '', '2020-12-24 15:39:31', 1),
(142, '', '2020-12-24 15:39:31', 1),
(143, '', '2020-12-24 15:39:31', 1),
(144, '', '2020-12-24 15:39:31', 1),
(145, '', '2020-12-24 15:39:31', 1),
(146, '', '2020-12-24 15:39:31', 1),
(147, '', '2020-12-24 15:39:31', 1),
(148, '', '2020-12-24 15:39:31', 1),
(149, '', '2020-12-24 15:39:31', 1),
(150, '', '2020-12-24 15:39:31', 1),
(151, '', '2020-12-24 15:39:31', 1);

-- --------------------------------------------------------

--
-- Table structure for table `female_report`
--

CREATE TABLE `female_report` (
  `F_id` int(11) NOT NULL,
  `order_id` varchar(225) NOT NULL,
  `token` varchar(225) NOT NULL,
  `Date` date NOT NULL,
  `time` time NOT NULL,
  `DateTime` datetime NOT NULL DEFAULT current_timestamp(),
  `status` tinyint(1) NOT NULL DEFAULT 0
) ENGINE=InnoDB DEFAULT CHARSET=utf8mb4;

--
-- Dumping data for table `female_report`
--

INSERT INTO `female_report` (`F_id`, `order_id`, `token`, `Date`, `time`, `DateTime`, `status`) VALUES
(1, 'YGK6f0a0e90d95e130d82eb49c1', 'ad23d9218c5a6be3', '2020-12-24', '10:47:57', '2020-12-24 15:17:57', 0);

-- --------------------------------------------------------

--
-- Table structure for table `female_trait`
--

CREATE TABLE `female_trait` (
  `id` int(11) NOT NULL,
  `order_id` varchar(225) NOT NULL,
  `token` varchar(225) NOT NULL,
  `trait_id` int(11) NOT NULL,
  `trait_value` varchar(225) NOT NULL,
  `date` date NOT NULL,
  `time` time NOT NULL,
  `datetime` datetime NOT NULL DEFAULT current_timestamp()
) ENGINE=InnoDB DEFAULT CHARSET=utf8mb4;

--
-- Dumping data for table `female_trait`
--

INSERT INTO `female_trait` (`id`, `order_id`, `token`, `trait_id`, `trait_value`, `date`, `time`, `datetime`) VALUES
(1, 'YGK6f0a0e90d95e130d82eb49c1', 'ad23d9218c5a6be3', 1, '1', '2020-12-24', '10:47:57', '2020-12-24 15:18:00'),
(2, 'YGK6f0a0e90d95e130d82eb49c1', 'ad23d9218c5a6be3', 2, '2', '2020-12-24', '10:47:57', '2020-12-24 15:18:00'),
(3, 'YGK6f0a0e90d95e130d82eb49c1', 'ad23d9218c5a6be3', 3, '3', '2020-12-24', '10:47:57', '2020-12-24 15:18:00'),
(4, 'YGK6f0a0e90d95e130d82eb49c1', 'ad23d9218c5a6be3', 4, '4', '2020-12-24', '10:47:57', '2020-12-24 15:18:00'),
(5, 'YGK6f0a0e90d95e130d82eb49c1', 'ad23d9218c5a6be3', 5, '5', '2020-12-24', '10:47:57', '2020-12-24 15:18:00'),
(6, 'YGK6f0a0e90d95e130d82eb49c1', 'ad23d9218c5a6be3', 6, '6', '2020-12-24', '10:47:57', '2020-12-24 15:18:00'),
(7, 'YGK6f0a0e90d95e130d82eb49c1', 'ad23d9218c5a6be3', 7, '7', '2020-12-24', '10:47:57', '2020-12-24 15:18:00'),
(8, 'YGK6f0a0e90d95e130d82eb49c1', 'ad23d9218c5a6be3', 8, '8', '2020-12-24', '10:47:57', '2020-12-24 15:18:00'),
(9, 'YGK6f0a0e90d95e130d82eb49c1', 'ad23d9218c5a6be3', 9, '9', '2020-12-24', '10:47:57', '2020-12-24 15:18:00'),
(10, 'YGK6f0a0e90d95e130d82eb49c1', 'ad23d9218c5a6be3', 10, '19', '2020-12-24', '10:47:57', '2020-12-24 15:18:00');

-- --------------------------------------------------------

--
-- Table structure for table `female_trait_input`
--

CREATE TABLE `female_trait_input` (
  `id` int(11) NOT NULL,
  `value` varchar(225) NOT NULL,
  `status` tinyint(1) NOT NULL,
  `datetime` datetime NOT NULL DEFAULT current_timestamp()
) ENGINE=InnoDB DEFAULT CHARSET=utf8mb4;

--
-- Dumping data for table `female_trait_input`
--

INSERT INTO `female_trait_input` (`id`, `value`, `status`, `datetime`) VALUES
(1, '1', 1, '2020-12-24 15:18:00'),
(2, '2', 1, '2020-12-24 15:18:00'),
(3, '3', 1, '2020-12-24 15:18:00'),
(4, '4', 1, '2020-12-24 15:18:00'),
(5, '5', 1, '2020-12-24 15:18:00'),
(6, '6', 1, '2020-12-24 15:18:00'),
(7, '7', 1, '2020-12-24 15:18:00'),
(8, '8', 1, '2020-12-24 15:18:00'),
(9, '9', 1, '2020-12-24 15:18:00'),
(10, '19', 1, '2020-12-24 15:18:00');

-- --------------------------------------------------------

--
-- Table structure for table `male_report`
--

CREATE TABLE `male_report` (
  `id` int(11) NOT NULL,
  `order_id` varchar(225) NOT NULL,
  `token` varchar(225) NOT NULL,
  `Date` date NOT NULL,
  `time` time NOT NULL,
  `datetime` timestamp NOT NULL DEFAULT current_timestamp(),
  `status` tinytext NOT NULL DEFAULT '0'
) ENGINE=InnoDB DEFAULT CHARSET=utf8mb4;

--
-- Dumping data for table `male_report`
--

INSERT INTO `male_report` (`id`, `order_id`, `token`, `Date`, `time`, `datetime`, `status`) VALUES
(1, 'YGKaf58fa947c5579aec9102366', '47f20e468a740d22', '2020-12-24', '11:03:22', '2020-12-24 10:03:22', '0'),
(2, 'YGKac3d17535b4ff220252572e1', '12105f1b5e4b151a', '2020-12-24', '11:08:11', '2020-12-24 10:08:11', '0'),
(3, 'YGKd5603373bfcca97581d7950a', '9eb75501aa5a6bfb', '2020-12-24', '11:09:20', '2020-12-24 10:09:20', '0'),
(4, 'YGK55db7360991ff0c844674cb0', '6f3f5bbfcf3d467b', '2020-12-28', '12:43:42', '2020-12-28 11:43:42', '0'),
(5, 'YGK0eeb690be53b4502a21a6b0c', '4694c3f952dc4c4e', '2020-12-28', '12:44:39', '2020-12-28 11:44:39', '0'),
(6, 'YGK9033836256405e07600aee20', 'b048881b2e1177ca', '2020-12-28', '12:46:49', '2020-12-28 11:46:49', '0'),
(7, 'YGK961dcb838e54e739da1c9a92', 'f011f4140bd60943', '2020-12-28', '12:48:07', '2020-12-28 11:48:07', '0'),
(8, 'YGK5f919cbbc60828a674b104fc', '13576dd2a3d356a6', '2020-12-28', '13:00:50', '2020-12-28 12:00:50', '0');

-- --------------------------------------------------------

--
-- Table structure for table `male_trait`
--

CREATE TABLE `male_trait` (
  `id` int(11) NOT NULL,
  `order_id` varchar(225) NOT NULL,
  `token` varchar(225) NOT NULL,
  `trait_id` int(11) NOT NULL,
  `trait_value` varchar(120) NOT NULL,
  `date` date NOT NULL,
  `time` time NOT NULL,
  `datetime` datetime NOT NULL DEFAULT current_timestamp()
) ENGINE=InnoDB DEFAULT CHARSET=utf8mb4;

--
-- Dumping data for table `male_trait`
--

INSERT INTO `male_trait` (`id`, `order_id`, `token`, `trait_id`, `trait_value`, `date`, `time`, `datetime`) VALUES
(1, 'YGKaf58fa947c5579aec9102366', '47f20e468a740d22', 1, '1', '2020-12-24', '11:03:22', '2020-12-24 15:33:37'),
(2, 'YGKaf58fa947c5579aec9102366', '47f20e468a740d22', 2, '2', '2020-12-24', '11:03:22', '2020-12-24 15:33:37'),
(3, 'YGKaf58fa947c5579aec9102366', '47f20e468a740d22', 3, '3', '2020-12-24', '11:03:22', '2020-12-24 15:33:37'),
(4, 'YGKaf58fa947c5579aec9102366', '47f20e468a740d22', 4, '4', '2020-12-24', '11:03:22', '2020-12-24 15:33:38'),
(5, 'YGKaf58fa947c5579aec9102366', '47f20e468a740d22', 5, '5', '2020-12-24', '11:03:22', '2020-12-24 15:33:38'),
(6, 'YGKaf58fa947c5579aec9102366', '47f20e468a740d22', 6, '6', '2020-12-24', '11:03:22', '2020-12-24 15:33:38'),
(7, 'YGKaf58fa947c5579aec9102366', '47f20e468a740d22', 7, '7', '2020-12-24', '11:03:22', '2020-12-24 15:33:38'),
(8, 'YGKaf58fa947c5579aec9102366', '47f20e468a740d22', 8, '8', '2020-12-24', '11:03:22', '2020-12-24 15:33:38'),
(9, 'YGKaf58fa947c5579aec9102366', '47f20e468a740d22', 9, '9', '2020-12-24', '11:03:22', '2020-12-24 15:33:38'),
(10, 'YGKaf58fa947c5579aec9102366', '47f20e468a740d22', 10, '19', '2020-12-24', '11:03:22', '2020-12-24 15:33:38'),
(11, 'YGKaf58fa947c5579aec9102366', '47f20e468a740d22', 11, '', '2020-12-24', '11:03:22', '2020-12-24 15:33:38'),
(12, 'YGKaf58fa947c5579aec9102366', '47f20e468a740d22', 12, '', '2020-12-24', '11:03:22', '2020-12-24 15:33:38'),
(13, 'YGKaf58fa947c5579aec9102366', '47f20e468a740d22', 13, '', '2020-12-24', '11:03:22', '2020-12-24 15:33:38'),
(14, 'YGKaf58fa947c5579aec9102366', '47f20e468a740d22', 14, '', '2020-12-24', '11:03:22', '2020-12-24 15:33:38'),
(15, 'YGKaf58fa947c5579aec9102366', '47f20e468a740d22', 15, '', '2020-12-24', '11:03:22', '2020-12-24 15:33:38'),
(16, 'YGKaf58fa947c5579aec9102366', '47f20e468a740d22', 16, '', '2020-12-24', '11:03:22', '2020-12-24 15:33:38'),
(17, 'YGKaf58fa947c5579aec9102366', '47f20e468a740d22', 17, '', '2020-12-24', '11:03:22', '2020-12-24 15:33:38'),
(18, 'YGKaf58fa947c5579aec9102366', '47f20e468a740d22', 18, '', '2020-12-24', '11:03:22', '2020-12-24 15:33:38'),
(19, 'YGKaf58fa947c5579aec9102366', '47f20e468a740d22', 19, '', '2020-12-24', '11:03:22', '2020-12-24 15:33:38'),
(20, 'YGKaf58fa947c5579aec9102366', '47f20e468a740d22', 20, '', '2020-12-24', '11:03:22', '2020-12-24 15:33:38'),
(21, 'YGKaf58fa947c5579aec9102366', '47f20e468a740d22', 21, '', '2020-12-24', '11:03:22', '2020-12-24 15:33:38'),
(22, 'YGKaf58fa947c5579aec9102366', '47f20e468a740d22', 22, '', '2020-12-24', '11:03:22', '2020-12-24 15:33:38'),
(23, 'YGKaf58fa947c5579aec9102366', '47f20e468a740d22', 23, '', '2020-12-24', '11:03:22', '2020-12-24 15:33:38'),
(24, 'YGKaf58fa947c5579aec9102366', '47f20e468a740d22', 24, '', '2020-12-24', '11:03:22', '2020-12-24 15:33:38'),
(25, 'YGKaf58fa947c5579aec9102366', '47f20e468a740d22', 25, '', '2020-12-24', '11:03:22', '2020-12-24 15:33:38'),
(26, 'YGKaf58fa947c5579aec9102366', '47f20e468a740d22', 26, '', '2020-12-24', '11:03:22', '2020-12-24 15:33:38'),
(27, 'YGKaf58fa947c5579aec9102366', '47f20e468a740d22', 27, '', '2020-12-24', '11:03:22', '2020-12-24 15:33:38'),
(28, 'YGKaf58fa947c5579aec9102366', '47f20e468a740d22', 28, '', '2020-12-24', '11:03:22', '2020-12-24 15:33:38'),
(29, 'YGKaf58fa947c5579aec9102366', '47f20e468a740d22', 29, '', '2020-12-24', '11:03:22', '2020-12-24 15:33:39'),
(30, 'YGKaf58fa947c5579aec9102366', '47f20e468a740d22', 30, '', '2020-12-24', '11:03:22', '2020-12-24 15:33:39'),
(31, 'YGKaf58fa947c5579aec9102366', '47f20e468a740d22', 31, '', '2020-12-24', '11:03:22', '2020-12-24 15:33:39'),
(32, 'YGKaf58fa947c5579aec9102366', '47f20e468a740d22', 32, '', '2020-12-24', '11:03:22', '2020-12-24 15:33:39'),
(33, 'YGKaf58fa947c5579aec9102366', '47f20e468a740d22', 33, '', '2020-12-24', '11:03:22', '2020-12-24 15:33:39'),
(34, 'YGKaf58fa947c5579aec9102366', '47f20e468a740d22', 34, '', '2020-12-24', '11:03:22', '2020-12-24 15:33:39'),
(35, 'YGKaf58fa947c5579aec9102366', '47f20e468a740d22', 35, '', '2020-12-24', '11:03:22', '2020-12-24 15:33:39'),
(36, 'YGKaf58fa947c5579aec9102366', '47f20e468a740d22', 36, '', '2020-12-24', '11:03:22', '2020-12-24 15:33:39'),
(37, 'YGKaf58fa947c5579aec9102366', '47f20e468a740d22', 37, '', '2020-12-24', '11:03:22', '2020-12-24 15:33:39'),
(38, 'YGKaf58fa947c5579aec9102366', '47f20e468a740d22', 38, '', '2020-12-24', '11:03:22', '2020-12-24 15:33:39'),
(39, 'YGKaf58fa947c5579aec9102366', '47f20e468a740d22', 39, '', '2020-12-24', '11:03:22', '2020-12-24 15:33:39'),
(40, 'YGKaf58fa947c5579aec9102366', '47f20e468a740d22', 40, '', '2020-12-24', '11:03:22', '2020-12-24 15:33:39'),
(41, 'YGKaf58fa947c5579aec9102366', '47f20e468a740d22', 41, '', '2020-12-24', '11:03:22', '2020-12-24 15:33:39'),
(42, 'YGKaf58fa947c5579aec9102366', '47f20e468a740d22', 42, '', '2020-12-24', '11:03:22', '2020-12-24 15:33:39'),
(43, 'YGKaf58fa947c5579aec9102366', '47f20e468a740d22', 43, '', '2020-12-24', '11:03:22', '2020-12-24 15:33:39'),
(44, 'YGKaf58fa947c5579aec9102366', '47f20e468a740d22', 44, '', '2020-12-24', '11:03:22', '2020-12-24 15:33:39'),
(45, 'YGKaf58fa947c5579aec9102366', '47f20e468a740d22', 45, '', '2020-12-24', '11:03:22', '2020-12-24 15:33:39'),
(46, 'YGKaf58fa947c5579aec9102366', '47f20e468a740d22', 46, '', '2020-12-24', '11:03:22', '2020-12-24 15:33:39'),
(47, 'YGKaf58fa947c5579aec9102366', '47f20e468a740d22', 47, '', '2020-12-24', '11:03:22', '2020-12-24 15:33:39'),
(48, 'YGKaf58fa947c5579aec9102366', '47f20e468a740d22', 48, '', '2020-12-24', '11:03:22', '2020-12-24 15:33:39'),
(49, 'YGKaf58fa947c5579aec9102366', '47f20e468a740d22', 49, '', '2020-12-24', '11:03:22', '2020-12-24 15:33:39'),
(50, 'YGKaf58fa947c5579aec9102366', '47f20e468a740d22', 50, '', '2020-12-24', '11:03:22', '2020-12-24 15:33:39'),
(51, 'YGKaf58fa947c5579aec9102366', '47f20e468a740d22', 51, '', '2020-12-24', '11:03:22', '2020-12-24 15:33:39'),
(52, 'YGKaf58fa947c5579aec9102366', '47f20e468a740d22', 52, '', '2020-12-24', '11:03:22', '2020-12-24 15:33:39'),
(53, 'YGKaf58fa947c5579aec9102366', '47f20e468a740d22', 53, '', '2020-12-24', '11:03:22', '2020-12-24 15:33:39'),
(54, 'YGKaf58fa947c5579aec9102366', '47f20e468a740d22', 54, '', '2020-12-24', '11:03:22', '2020-12-24 15:33:39'),
(55, 'YGKaf58fa947c5579aec9102366', '47f20e468a740d22', 55, '', '2020-12-24', '11:03:22', '2020-12-24 15:33:39'),
(56, 'YGKaf58fa947c5579aec9102366', '47f20e468a740d22', 56, '', '2020-12-24', '11:03:22', '2020-12-24 15:33:39'),
(57, 'YGKac3d17535b4ff220252572e1', '12105f1b5e4b151a', 1, '1', '2020-12-24', '11:08:11', '2020-12-24 15:38:26'),
(58, 'YGKac3d17535b4ff220252572e1', '12105f1b5e4b151a', 2, '2', '2020-12-24', '11:08:11', '2020-12-24 15:38:26'),
(59, 'YGKac3d17535b4ff220252572e1', '12105f1b5e4b151a', 3, '3', '2020-12-24', '11:08:11', '2020-12-24 15:38:26'),
(60, 'YGKac3d17535b4ff220252572e1', '12105f1b5e4b151a', 4, '4', '2020-12-24', '11:08:11', '2020-12-24 15:38:26'),
(61, 'YGKac3d17535b4ff220252572e1', '12105f1b5e4b151a', 5, '5', '2020-12-24', '11:08:11', '2020-12-24 15:38:26'),
(62, 'YGKac3d17535b4ff220252572e1', '12105f1b5e4b151a', 6, '6', '2020-12-24', '11:08:11', '2020-12-24 15:38:26'),
(63, 'YGKac3d17535b4ff220252572e1', '12105f1b5e4b151a', 7, '7', '2020-12-24', '11:08:11', '2020-12-24 15:38:26'),
(64, 'YGKac3d17535b4ff220252572e1', '12105f1b5e4b151a', 8, '8', '2020-12-24', '11:08:11', '2020-12-24 15:38:26'),
(65, 'YGKac3d17535b4ff220252572e1', '12105f1b5e4b151a', 9, '9', '2020-12-24', '11:08:11', '2020-12-24 15:38:26'),
(66, 'YGKac3d17535b4ff220252572e1', '12105f1b5e4b151a', 10, '19', '2020-12-24', '11:08:11', '2020-12-24 15:38:26'),
(67, 'YGKac3d17535b4ff220252572e1', '12105f1b5e4b151a', 11, '', '2020-12-24', '11:08:11', '2020-12-24 15:38:26'),
(68, 'YGKac3d17535b4ff220252572e1', '12105f1b5e4b151a', 12, '', '2020-12-24', '11:08:11', '2020-12-24 15:38:26'),
(69, 'YGKac3d17535b4ff220252572e1', '12105f1b5e4b151a', 13, '', '2020-12-24', '11:08:11', '2020-12-24 15:38:26'),
(70, 'YGKac3d17535b4ff220252572e1', '12105f1b5e4b151a', 14, '', '2020-12-24', '11:08:11', '2020-12-24 15:38:26'),
(71, 'YGKac3d17535b4ff220252572e1', '12105f1b5e4b151a', 15, '', '2020-12-24', '11:08:11', '2020-12-24 15:38:26'),
(72, 'YGKac3d17535b4ff220252572e1', '12105f1b5e4b151a', 16, '', '2020-12-24', '11:08:11', '2020-12-24 15:38:26'),
(73, 'YGKac3d17535b4ff220252572e1', '12105f1b5e4b151a', 17, '', '2020-12-24', '11:08:11', '2020-12-24 15:38:26'),
(74, 'YGKac3d17535b4ff220252572e1', '12105f1b5e4b151a', 18, '', '2020-12-24', '11:08:11', '2020-12-24 15:38:26'),
(75, 'YGKac3d17535b4ff220252572e1', '12105f1b5e4b151a', 19, '', '2020-12-24', '11:08:11', '2020-12-24 15:38:26'),
(76, 'YGKac3d17535b4ff220252572e1', '12105f1b5e4b151a', 20, '', '2020-12-24', '11:08:11', '2020-12-24 15:38:26'),
(77, 'YGKac3d17535b4ff220252572e1', '12105f1b5e4b151a', 21, '', '2020-12-24', '11:08:11', '2020-12-24 15:38:26'),
(78, 'YGKac3d17535b4ff220252572e1', '12105f1b5e4b151a', 22, '', '2020-12-24', '11:08:11', '2020-12-24 15:38:27'),
(79, 'YGKac3d17535b4ff220252572e1', '12105f1b5e4b151a', 23, '', '2020-12-24', '11:08:11', '2020-12-24 15:38:27'),
(80, 'YGKac3d17535b4ff220252572e1', '12105f1b5e4b151a', 24, '', '2020-12-24', '11:08:11', '2020-12-24 15:38:27'),
(81, 'YGKac3d17535b4ff220252572e1', '12105f1b5e4b151a', 25, '', '2020-12-24', '11:08:11', '2020-12-24 15:38:27'),
(82, 'YGKac3d17535b4ff220252572e1', '12105f1b5e4b151a', 26, '', '2020-12-24', '11:08:11', '2020-12-24 15:38:27'),
(83, 'YGKac3d17535b4ff220252572e1', '12105f1b5e4b151a', 27, '', '2020-12-24', '11:08:11', '2020-12-24 15:38:27'),
(84, 'YGKac3d17535b4ff220252572e1', '12105f1b5e4b151a', 28, '', '2020-12-24', '11:08:11', '2020-12-24 15:38:27'),
(85, 'YGKac3d17535b4ff220252572e1', '12105f1b5e4b151a', 29, '', '2020-12-24', '11:08:11', '2020-12-24 15:38:27'),
(86, 'YGKac3d17535b4ff220252572e1', '12105f1b5e4b151a', 30, '', '2020-12-24', '11:08:11', '2020-12-24 15:38:27'),
(87, 'YGKac3d17535b4ff220252572e1', '12105f1b5e4b151a', 31, '', '2020-12-24', '11:08:11', '2020-12-24 15:38:27'),
(88, 'YGKac3d17535b4ff220252572e1', '12105f1b5e4b151a', 32, '', '2020-12-24', '11:08:11', '2020-12-24 15:38:27'),
(89, 'YGKac3d17535b4ff220252572e1', '12105f1b5e4b151a', 33, '', '2020-12-24', '11:08:11', '2020-12-24 15:38:27'),
(90, 'YGKac3d17535b4ff220252572e1', '12105f1b5e4b151a', 34, '', '2020-12-24', '11:08:11', '2020-12-24 15:38:27'),
(91, 'YGKac3d17535b4ff220252572e1', '12105f1b5e4b151a', 35, '', '2020-12-24', '11:08:11', '2020-12-24 15:38:27'),
(92, 'YGKac3d17535b4ff220252572e1', '12105f1b5e4b151a', 36, '', '2020-12-24', '11:08:11', '2020-12-24 15:38:27'),
(93, 'YGKac3d17535b4ff220252572e1', '12105f1b5e4b151a', 37, '', '2020-12-24', '11:08:11', '2020-12-24 15:38:27'),
(94, 'YGKac3d17535b4ff220252572e1', '12105f1b5e4b151a', 38, '', '2020-12-24', '11:08:11', '2020-12-24 15:38:27'),
(95, 'YGKac3d17535b4ff220252572e1', '12105f1b5e4b151a', 39, '', '2020-12-24', '11:08:11', '2020-12-24 15:38:27'),
(96, 'YGKac3d17535b4ff220252572e1', '12105f1b5e4b151a', 40, '', '2020-12-24', '11:08:11', '2020-12-24 15:38:27'),
(97, 'YGKac3d17535b4ff220252572e1', '12105f1b5e4b151a', 41, '', '2020-12-24', '11:08:11', '2020-12-24 15:38:27'),
(98, 'YGKac3d17535b4ff220252572e1', '12105f1b5e4b151a', 42, '', '2020-12-24', '11:08:11', '2020-12-24 15:38:27'),
(99, 'YGKac3d17535b4ff220252572e1', '12105f1b5e4b151a', 43, '', '2020-12-24', '11:08:11', '2020-12-24 15:38:27'),
(100, 'YGKac3d17535b4ff220252572e1', '12105f1b5e4b151a', 44, '', '2020-12-24', '11:08:11', '2020-12-24 15:38:27'),
(101, 'YGKac3d17535b4ff220252572e1', '12105f1b5e4b151a', 45, '', '2020-12-24', '11:08:11', '2020-12-24 15:38:27'),
(102, 'YGKac3d17535b4ff220252572e1', '12105f1b5e4b151a', 46, '', '2020-12-24', '11:08:11', '2020-12-24 15:38:27'),
(103, 'YGKac3d17535b4ff220252572e1', '12105f1b5e4b151a', 47, '', '2020-12-24', '11:08:11', '2020-12-24 15:38:27'),
(104, 'YGKac3d17535b4ff220252572e1', '12105f1b5e4b151a', 48, '', '2020-12-24', '11:08:11', '2020-12-24 15:38:28'),
(105, 'YGKac3d17535b4ff220252572e1', '12105f1b5e4b151a', 49, '', '2020-12-24', '11:08:11', '2020-12-24 15:38:28'),
(106, 'YGKac3d17535b4ff220252572e1', '12105f1b5e4b151a', 50, '', '2020-12-24', '11:08:11', '2020-12-24 15:38:28'),
(107, 'YGKac3d17535b4ff220252572e1', '12105f1b5e4b151a', 51, '', '2020-12-24', '11:08:11', '2020-12-24 15:38:28'),
(108, 'YGKac3d17535b4ff220252572e1', '12105f1b5e4b151a', 52, '', '2020-12-24', '11:08:11', '2020-12-24 15:38:28'),
(109, 'YGKac3d17535b4ff220252572e1', '12105f1b5e4b151a', 53, '', '2020-12-24', '11:08:11', '2020-12-24 15:38:28'),
(110, 'YGKac3d17535b4ff220252572e1', '12105f1b5e4b151a', 54, '', '2020-12-24', '11:08:11', '2020-12-24 15:38:28'),
(111, 'YGKac3d17535b4ff220252572e1', '12105f1b5e4b151a', 55, '', '2020-12-24', '11:08:11', '2020-12-24 15:38:28'),
(112, 'YGKac3d17535b4ff220252572e1', '12105f1b5e4b151a', 56, '', '2020-12-24', '11:08:11', '2020-12-24 15:38:28'),
(113, 'YGKd5603373bfcca97581d7950a', '9eb75501aa5a6bfb', 1, '1', '2020-12-24', '11:09:20', '2020-12-24 15:39:43'),
(114, 'YGKd5603373bfcca97581d7950a', '9eb75501aa5a6bfb', 2, '2', '2020-12-24', '11:09:20', '2020-12-24 15:39:43'),
(115, 'YGKd5603373bfcca97581d7950a', '9eb75501aa5a6bfb', 3, '3', '2020-12-24', '11:09:20', '2020-12-24 15:39:43'),
(116, 'YGKd5603373bfcca97581d7950a', '9eb75501aa5a6bfb', 4, '4', '2020-12-24', '11:09:20', '2020-12-24 15:39:43'),
(117, 'YGKd5603373bfcca97581d7950a', '9eb75501aa5a6bfb', 5, '5', '2020-12-24', '11:09:20', '2020-12-24 15:39:43'),
(118, 'YGKd5603373bfcca97581d7950a', '9eb75501aa5a6bfb', 6, '6', '2020-12-24', '11:09:20', '2020-12-24 15:39:43'),
(119, 'YGKd5603373bfcca97581d7950a', '9eb75501aa5a6bfb', 7, '7', '2020-12-24', '11:09:20', '2020-12-24 15:39:43'),
(120, 'YGKd5603373bfcca97581d7950a', '9eb75501aa5a6bfb', 8, '8', '2020-12-24', '11:09:20', '2020-12-24 15:39:43'),
(121, 'YGKd5603373bfcca97581d7950a', '9eb75501aa5a6bfb', 9, '9', '2020-12-24', '11:09:20', '2020-12-24 15:39:43'),
(122, 'YGKd5603373bfcca97581d7950a', '9eb75501aa5a6bfb', 10, '19', '2020-12-24', '11:09:20', '2020-12-24 15:39:43'),
(123, 'YGKd5603373bfcca97581d7950a', '9eb75501aa5a6bfb', 11, '', '2020-12-24', '11:09:20', '2020-12-24 15:39:43'),
(124, 'YGKd5603373bfcca97581d7950a', '9eb75501aa5a6bfb', 12, '', '2020-12-24', '11:09:20', '2020-12-24 15:39:43'),
(125, 'YGKd5603373bfcca97581d7950a', '9eb75501aa5a6bfb', 13, '', '2020-12-24', '11:09:20', '2020-12-24 15:39:43'),
(126, 'YGKd5603373bfcca97581d7950a', '9eb75501aa5a6bfb', 14, '', '2020-12-24', '11:09:20', '2020-12-24 15:39:43'),
(127, 'YGKd5603373bfcca97581d7950a', '9eb75501aa5a6bfb', 15, '', '2020-12-24', '11:09:20', '2020-12-24 15:39:43'),
(128, 'YGKd5603373bfcca97581d7950a', '9eb75501aa5a6bfb', 16, '', '2020-12-24', '11:09:20', '2020-12-24 15:39:43'),
(129, 'YGKd5603373bfcca97581d7950a', '9eb75501aa5a6bfb', 17, '', '2020-12-24', '11:09:20', '2020-12-24 15:39:43'),
(130, 'YGKd5603373bfcca97581d7950a', '9eb75501aa5a6bfb', 18, '', '2020-12-24', '11:09:20', '2020-12-24 15:39:43'),
(131, 'YGKd5603373bfcca97581d7950a', '9eb75501aa5a6bfb', 19, '', '2020-12-24', '11:09:20', '2020-12-24 15:39:43'),
(132, 'YGKd5603373bfcca97581d7950a', '9eb75501aa5a6bfb', 20, '', '2020-12-24', '11:09:20', '2020-12-24 15:39:43'),
(133, 'YGKd5603373bfcca97581d7950a', '9eb75501aa5a6bfb', 21, '', '2020-12-24', '11:09:20', '2020-12-24 15:39:43'),
(134, 'YGKd5603373bfcca97581d7950a', '9eb75501aa5a6bfb', 22, '', '2020-12-24', '11:09:20', '2020-12-24 15:39:43'),
(135, 'YGKd5603373bfcca97581d7950a', '9eb75501aa5a6bfb', 23, '', '2020-12-24', '11:09:20', '2020-12-24 15:39:43'),
(136, 'YGKd5603373bfcca97581d7950a', '9eb75501aa5a6bfb', 24, '', '2020-12-24', '11:09:20', '2020-12-24 15:39:44'),
(137, 'YGKd5603373bfcca97581d7950a', '9eb75501aa5a6bfb', 25, '', '2020-12-24', '11:09:20', '2020-12-24 15:39:44'),
(138, 'YGKd5603373bfcca97581d7950a', '9eb75501aa5a6bfb', 26, '', '2020-12-24', '11:09:20', '2020-12-24 15:39:44'),
(139, 'YGKd5603373bfcca97581d7950a', '9eb75501aa5a6bfb', 27, '', '2020-12-24', '11:09:20', '2020-12-24 15:39:44'),
(140, 'YGKd5603373bfcca97581d7950a', '9eb75501aa5a6bfb', 28, '', '2020-12-24', '11:09:20', '2020-12-24 15:39:44'),
(141, 'YGKd5603373bfcca97581d7950a', '9eb75501aa5a6bfb', 29, '', '2020-12-24', '11:09:20', '2020-12-24 15:39:44'),
(142, 'YGKd5603373bfcca97581d7950a', '9eb75501aa5a6bfb', 30, '', '2020-12-24', '11:09:20', '2020-12-24 15:39:44'),
(143, 'YGKd5603373bfcca97581d7950a', '9eb75501aa5a6bfb', 31, '', '2020-12-24', '11:09:20', '2020-12-24 15:39:44'),
(144, 'YGKd5603373bfcca97581d7950a', '9eb75501aa5a6bfb', 32, '', '2020-12-24', '11:09:20', '2020-12-24 15:39:44'),
(145, 'YGKd5603373bfcca97581d7950a', '9eb75501aa5a6bfb', 33, '', '2020-12-24', '11:09:20', '2020-12-24 15:39:44'),
(146, 'YGKd5603373bfcca97581d7950a', '9eb75501aa5a6bfb', 34, '', '2020-12-24', '11:09:20', '2020-12-24 15:39:44'),
(147, 'YGKd5603373bfcca97581d7950a', '9eb75501aa5a6bfb', 35, '', '2020-12-24', '11:09:20', '2020-12-24 15:39:44'),
(148, 'YGKd5603373bfcca97581d7950a', '9eb75501aa5a6bfb', 36, '', '2020-12-24', '11:09:20', '2020-12-24 15:39:44'),
(149, 'YGKd5603373bfcca97581d7950a', '9eb75501aa5a6bfb', 37, '', '2020-12-24', '11:09:20', '2020-12-24 15:39:44'),
(150, 'YGKd5603373bfcca97581d7950a', '9eb75501aa5a6bfb', 38, '', '2020-12-24', '11:09:20', '2020-12-24 15:39:44'),
(151, 'YGKd5603373bfcca97581d7950a', '9eb75501aa5a6bfb', 39, '', '2020-12-24', '11:09:20', '2020-12-24 15:39:44'),
(152, 'YGKd5603373bfcca97581d7950a', '9eb75501aa5a6bfb', 40, '', '2020-12-24', '11:09:20', '2020-12-24 15:39:44'),
(153, 'YGKd5603373bfcca97581d7950a', '9eb75501aa5a6bfb', 41, '', '2020-12-24', '11:09:20', '2020-12-24 15:39:44'),
(154, 'YGKd5603373bfcca97581d7950a', '9eb75501aa5a6bfb', 42, '', '2020-12-24', '11:09:20', '2020-12-24 15:39:44'),
(155, 'YGKd5603373bfcca97581d7950a', '9eb75501aa5a6bfb', 43, '', '2020-12-24', '11:09:20', '2020-12-24 15:39:44'),
(156, 'YGKd5603373bfcca97581d7950a', '9eb75501aa5a6bfb', 44, '', '2020-12-24', '11:09:20', '2020-12-24 15:39:44'),
(157, 'YGKd5603373bfcca97581d7950a', '9eb75501aa5a6bfb', 45, '', '2020-12-24', '11:09:20', '2020-12-24 15:39:44'),
(158, 'YGKd5603373bfcca97581d7950a', '9eb75501aa5a6bfb', 46, '', '2020-12-24', '11:09:20', '2020-12-24 15:39:44'),
(159, 'YGKd5603373bfcca97581d7950a', '9eb75501aa5a6bfb', 47, '', '2020-12-24', '11:09:20', '2020-12-24 15:39:44'),
(160, 'YGKd5603373bfcca97581d7950a', '9eb75501aa5a6bfb', 48, '', '2020-12-24', '11:09:20', '2020-12-24 15:39:44'),
(161, 'YGKd5603373bfcca97581d7950a', '9eb75501aa5a6bfb', 49, '', '2020-12-24', '11:09:20', '2020-12-24 15:39:44'),
(162, 'YGKd5603373bfcca97581d7950a', '9eb75501aa5a6bfb', 50, '', '2020-12-24', '11:09:20', '2020-12-24 15:39:44'),
(163, 'YGKd5603373bfcca97581d7950a', '9eb75501aa5a6bfb', 51, '', '2020-12-24', '11:09:20', '2020-12-24 15:39:44'),
(164, 'YGKd5603373bfcca97581d7950a', '9eb75501aa5a6bfb', 52, '', '2020-12-24', '11:09:20', '2020-12-24 15:39:44'),
(165, 'YGKd5603373bfcca97581d7950a', '9eb75501aa5a6bfb', 53, '', '2020-12-24', '11:09:20', '2020-12-24 15:39:44'),
(166, 'YGKd5603373bfcca97581d7950a', '9eb75501aa5a6bfb', 54, '', '2020-12-24', '11:09:20', '2020-12-24 15:39:44'),
(167, 'YGKd5603373bfcca97581d7950a', '9eb75501aa5a6bfb', 55, '', '2020-12-24', '11:09:20', '2020-12-24 15:39:44'),
(168, 'YGKd5603373bfcca97581d7950a', '9eb75501aa5a6bfb', 56, '', '2020-12-24', '11:09:20', '2020-12-24 15:39:44');

-- --------------------------------------------------------

--
-- Table structure for table `male_trait_input`
--

CREATE TABLE `male_trait_input` (
  `id` int(11) NOT NULL,
  `value` varchar(225) NOT NULL,
  `status` tinyint(1) NOT NULL,
  `datetime` datetime NOT NULL DEFAULT current_timestamp()
) ENGINE=InnoDB DEFAULT CHARSET=utf8mb4;

--
-- Dumping data for table `male_trait_input`
--

INSERT INTO `male_trait_input` (`id`, `value`, `status`, `datetime`) VALUES
(1, '1', 1, '2020-12-24 15:33:35'),
(2, '2', 1, '2020-12-24 15:33:35'),
(3, '3', 1, '2020-12-24 15:33:36'),
(4, '4', 1, '2020-12-24 15:33:36'),
(5, '5', 1, '2020-12-24 15:33:36'),
(6, '6', 1, '2020-12-24 15:33:36'),
(7, '7', 1, '2020-12-24 15:33:36'),
(8, '8', 1, '2020-12-24 15:33:36'),
(9, '9', 1, '2020-12-24 15:33:36'),
(10, '19', 1, '2020-12-24 15:33:36'),
(11, '', 1, '2020-12-24 15:33:36'),
(12, '', 1, '2020-12-24 15:33:36'),
(13, '', 1, '2020-12-24 15:33:36'),
(14, '', 1, '2020-12-24 15:33:36'),
(15, '', 1, '2020-12-24 15:33:36'),
(16, '', 1, '2020-12-24 15:33:36'),
(17, '', 1, '2020-12-24 15:33:36'),
(18, '', 1, '2020-12-24 15:33:36'),
(19, '', 1, '2020-12-24 15:33:36'),
(20, '', 1, '2020-12-24 15:33:36'),
(21, '', 1, '2020-12-24 15:33:36'),
(22, '', 1, '2020-12-24 15:33:36'),
(23, '', 1, '2020-12-24 15:33:36'),
(24, '', 1, '2020-12-24 15:33:36'),
(25, '', 1, '2020-12-24 15:33:36'),
(26, '', 1, '2020-12-24 15:33:36'),
(27, '', 1, '2020-12-24 15:33:36'),
(28, '', 1, '2020-12-24 15:33:36'),
(29, '', 1, '2020-12-24 15:33:36'),
(30, '', 1, '2020-12-24 15:33:36'),
(31, '', 1, '2020-12-24 15:33:37'),
(32, '', 1, '2020-12-24 15:33:37'),
(33, '', 1, '2020-12-24 15:33:37'),
(34, '', 1, '2020-12-24 15:33:37'),
(35, '', 1, '2020-12-24 15:33:37'),
(36, '', 1, '2020-12-24 15:33:37'),
(37, '', 1, '2020-12-24 15:33:37'),
(38, '', 1, '2020-12-24 15:33:37'),
(39, '', 1, '2020-12-24 15:33:37'),
(40, '', 1, '2020-12-24 15:33:37'),
(41, '', 1, '2020-12-24 15:33:37'),
(42, '', 1, '2020-12-24 15:33:37'),
(43, '', 1, '2020-12-24 15:33:37'),
(44, '', 1, '2020-12-24 15:33:37'),
(45, '', 1, '2020-12-24 15:33:37'),
(46, '', 1, '2020-12-24 15:33:37'),
(47, '', 1, '2020-12-24 15:33:37'),
(48, '', 1, '2020-12-24 15:33:37'),
(49, '', 1, '2020-12-24 15:33:37'),
(50, '', 1, '2020-12-24 15:33:37'),
(51, '', 1, '2020-12-24 15:33:37'),
(52, '', 1, '2020-12-24 15:33:37'),
(53, '', 1, '2020-12-24 15:33:37'),
(54, '', 1, '2020-12-24 15:33:37'),
(55, '', 1, '2020-12-24 15:33:37'),
(56, '', 1, '2020-12-24 15:33:37'),
(57, '1', 1, '2020-12-24 15:38:23'),
(58, '2', 1, '2020-12-24 15:38:23'),
(59, '3', 1, '2020-12-24 15:38:23'),
(60, '4', 1, '2020-12-24 15:38:23'),
(61, '5', 1, '2020-12-24 15:38:23'),
(62, '6', 1, '2020-12-24 15:38:23'),
(63, '7', 1, '2020-12-24 15:38:23'),
(64, '8', 1, '2020-12-24 15:38:23'),
(65, '9', 1, '2020-12-24 15:38:24'),
(66, '19', 1, '2020-12-24 15:38:24'),
(67, '', 1, '2020-12-24 15:38:24'),
(68, '', 1, '2020-12-24 15:38:24'),
(69, '', 1, '2020-12-24 15:38:24'),
(70, '', 1, '2020-12-24 15:38:24'),
(71, '', 1, '2020-12-24 15:38:24'),
(72, '', 1, '2020-12-24 15:38:24'),
(73, '', 1, '2020-12-24 15:38:24'),
(74, '', 1, '2020-12-24 15:38:24'),
(75, '', 1, '2020-12-24 15:38:24'),
(76, '', 1, '2020-12-24 15:38:24'),
(77, '', 1, '2020-12-24 15:38:24'),
(78, '', 1, '2020-12-24 15:38:24'),
(79, '', 1, '2020-12-24 15:38:25'),
(80, '', 1, '2020-12-24 15:38:25'),
(81, '', 1, '2020-12-24 15:38:25'),
(82, '', 1, '2020-12-24 15:38:25'),
(83, '', 1, '2020-12-24 15:38:25'),
(84, '', 1, '2020-12-24 15:38:25'),
(85, '', 1, '2020-12-24 15:38:25'),
(86, '', 1, '2020-12-24 15:38:25'),
(87, '', 1, '2020-12-24 15:38:25'),
(88, '', 1, '2020-12-24 15:38:25'),
(89, '', 1, '2020-12-24 15:38:25'),
(90, '', 1, '2020-12-24 15:38:25'),
(91, '', 1, '2020-12-24 15:38:25'),
(92, '', 1, '2020-12-24 15:38:25'),
(93, '', 1, '2020-12-24 15:38:25'),
(94, '', 1, '2020-12-24 15:38:25'),
(95, '', 1, '2020-12-24 15:38:25'),
(96, '', 1, '2020-12-24 15:38:25'),
(97, '', 1, '2020-12-24 15:38:25'),
(98, '', 1, '2020-12-24 15:38:25'),
(99, '', 1, '2020-12-24 15:38:25'),
(100, '', 1, '2020-12-24 15:38:25'),
(101, '', 1, '2020-12-24 15:38:25'),
(102, '', 1, '2020-12-24 15:38:25'),
(103, '', 1, '2020-12-24 15:38:25'),
(104, '', 1, '2020-12-24 15:38:25'),
(105, '', 1, '2020-12-24 15:38:25'),
(106, '', 1, '2020-12-24 15:38:25'),
(107, '', 1, '2020-12-24 15:38:25'),
(108, '', 1, '2020-12-24 15:38:25'),
(109, '', 1, '2020-12-24 15:38:25'),
(110, '', 1, '2020-12-24 15:38:25'),
(111, '', 1, '2020-12-24 15:38:26'),
(112, '', 1, '2020-12-24 15:38:26'),
(113, '1', 1, '2020-12-24 15:39:40'),
(114, '2', 1, '2020-12-24 15:39:40'),
(115, '3', 1, '2020-12-24 15:39:40'),
(116, '4', 1, '2020-12-24 15:39:40'),
(117, '5', 1, '2020-12-24 15:39:40'),
(118, '6', 1, '2020-12-24 15:39:40'),
(119, '7', 1, '2020-12-24 15:39:40'),
(120, '8', 1, '2020-12-24 15:39:40'),
(121, '9', 1, '2020-12-24 15:39:40'),
(122, '19', 1, '2020-12-24 15:39:41'),
(123, '', 1, '2020-12-24 15:39:41'),
(124, '', 1, '2020-12-24 15:39:41'),
(125, '', 1, '2020-12-24 15:39:41'),
(126, '', 1, '2020-12-24 15:39:41'),
(127, '', 1, '2020-12-24 15:39:41'),
(128, '', 1, '2020-12-24 15:39:41'),
(129, '', 1, '2020-12-24 15:39:41'),
(130, '', 1, '2020-12-24 15:39:41'),
(131, '', 1, '2020-12-24 15:39:41'),
(132, '', 1, '2020-12-24 15:39:41'),
(133, '', 1, '2020-12-24 15:39:41'),
(134, '', 1, '2020-12-24 15:39:41'),
(135, '', 1, '2020-12-24 15:39:41'),
(136, '', 1, '2020-12-24 15:39:41'),
(137, '', 1, '2020-12-24 15:39:41'),
(138, '', 1, '2020-12-24 15:39:41'),
(139, '', 1, '2020-12-24 15:39:41'),
(140, '', 1, '2020-12-24 15:39:41'),
(141, '', 1, '2020-12-24 15:39:42'),
(142, '', 1, '2020-12-24 15:39:42'),
(143, '', 1, '2020-12-24 15:39:42'),
(144, '', 1, '2020-12-24 15:39:42'),
(145, '', 1, '2020-12-24 15:39:42'),
(146, '', 1, '2020-12-24 15:39:42'),
(147, '', 1, '2020-12-24 15:39:42'),
(148, '', 1, '2020-12-24 15:39:42'),
(149, '', 1, '2020-12-24 15:39:42'),
(150, '', 1, '2020-12-24 15:39:42'),
(151, '', 1, '2020-12-24 15:39:42'),
(152, '', 1, '2020-12-24 15:39:42'),
(153, '', 1, '2020-12-24 15:39:42'),
(154, '', 1, '2020-12-24 15:39:42'),
(155, '', 1, '2020-12-24 15:39:42'),
(156, '', 1, '2020-12-24 15:39:42'),
(157, '', 1, '2020-12-24 15:39:42'),
(158, '', 1, '2020-12-24 15:39:42'),
(159, '', 1, '2020-12-24 15:39:42'),
(160, '', 1, '2020-12-24 15:39:42'),
(161, '', 1, '2020-12-24 15:39:42'),
(162, '', 1, '2020-12-24 15:39:42'),
(163, '', 1, '2020-12-24 15:39:42'),
(164, '', 1, '2020-12-24 15:39:42'),
(165, '', 1, '2020-12-24 15:39:42'),
(166, '', 1, '2020-12-24 15:39:42'),
(167, '', 1, '2020-12-24 15:39:42'),
(168, '', 1, '2020-12-24 15:39:43');

-- --------------------------------------------------------

--
-- Table structure for table `mon_dis_female`
--

CREATE TABLE `mon_dis_female` (
  `D_id` int(11) NOT NULL,
  `D_Name` varchar(225) NOT NULL,
  `status` tinyint(1) NOT NULL DEFAULT 1,
  `Date` date NOT NULL,
  `time` time NOT NULL,
  `DateTime` datetime NOT NULL DEFAULT current_timestamp()
) ENGINE=InnoDB DEFAULT CHARSET=utf8mb4;

--
-- Dumping data for table `mon_dis_female`
--

INSERT INTO `mon_dis_female` (`D_id`, `D_Name`, `status`, `Date`, `time`, `DateTime`) VALUES
(1, 'Short chain acyl-CoA dehydrogenase deficiency (SCADD)', 1, '2020-12-24', '11:08:46', '2020-12-24 11:10:43'),
(2, 'ARSACS (Autosomal recessive spastic ataxia of Charlevoix-Saguenay)', 1, '2020-12-23', '11:08:46', '2020-12-24 11:10:43'),
(3, '  Acute intermittent porphyria \r\n', 1, '2020-12-24', '11:16:47', '2020-12-24 11:17:55'),
(4, '  Agenesis of the Corpus Callosum with Peripheral Neuropathy (ACCPN) \r\n', 1, '2020-12-24', '11:16:47', '2020-12-24 11:17:55'),
(5, 'Alpha-1 Antitrypsin Deficiency ', 1, '2020-12-24', '11:18:04', '2020-12-24 11:18:32'),
(6, '  Alpha-mannosidosis \r\n', 1, '2020-12-24', '11:18:04', '2020-12-24 11:18:32'),
(7, '  Autosomal recessive polycystic kidney disease \r\n', 1, '2020-12-24', '11:18:44', '2020-12-24 11:19:15'),
(8, '  Beta Thalassemia \r\n', 1, '2020-12-24', '11:18:44', '2020-12-24 11:19:15'),
(9, '  Biotinidase deficiency \r\n', 1, '2020-12-24', '11:19:23', '2020-12-24 11:19:54'),
(10, '  Birt-Hogg-Dube syndrome \r\n', 1, '2020-12-24', '11:19:23', '2020-12-24 11:19:54'),
(11, ' Canavan Disease', 1, '2020-12-24', '15:45:50', '2020-12-24 15:46:36'),
(12, '  Classical homocystinuria due to CBS deficiency \r\n', 1, '2020-12-24', '15:45:50', '2020-12-24 15:46:36'),
(13, '  Congenital disorder of glycosylation type 1a (PMM2-CDG) \r\n', 1, '2020-12-24', '15:46:41', '2020-12-24 15:47:10'),
(14, '  Congenital myasthenic syndrome \r\n', 1, '2020-12-24', '15:46:41', '2020-12-24 15:47:10'),
(15, '  Cystic Fibrosis \r\n', 1, '2020-12-24', '15:47:18', '2020-12-24 15:47:57'),
(16, 'Cystinosis', 1, '2020-12-24', '15:47:18', '2020-12-24 15:47:57'),
(17, '  D-Bifunctional Protein Deficiency \r\n', 1, '2020-12-24', '15:48:11', '2020-12-24 15:48:48'),
(18, '  Diastrophic dysplasia \r\n', 1, '2020-12-24', '15:48:11', '2020-12-24 15:48:48'),
(19, '  Dihydrolipoamide Dehydrogenase Deficiency \r\n', 1, '2020-12-24', '15:48:55', '2020-12-24 15:49:17'),
(20, '  Ehlers-Danlos Syndrome (EDS) \r\n', 1, '2020-12-24', '15:48:55', '2020-12-24 15:49:17'),
(21, '  Familial Advanced/Delayed Sleep-Phase Syndrome \r\n', 1, '2020-12-24', '15:49:25', '2020-12-24 15:49:57'),
(22, '  Familial Hypercholesterolemia \r\n', 1, '2020-12-24', '15:49:25', '2020-12-24 15:49:57'),
(23, '  Familial Hypertrophic Cardiomyopathy (HCM) \r\n', 1, '2020-12-24', '15:50:01', '2020-12-24 15:50:37'),
(24, '  Familial Mediterranean fever \r\n', 1, '2020-12-24', '15:50:01', '2020-12-24 15:50:37'),
(25, '  Familial TTR-related amyloidosis \r\n', 1, '2020-12-24', '15:50:44', '2020-12-24 15:51:14'),
(26, '  Familial Transthyretin Amyloidosis \r\n', 1, '2020-12-24', '15:50:44', '2020-12-24 15:51:14'),
(27, '  Familial adenomatous polyposis      \r\n', 1, '2020-12-24', '15:51:26', '2020-12-24 15:51:50'),
(28, '  Familial dysautonomia (Riley-Day syndrome) \r\n', 1, '2020-12-24', '15:51:26', '2020-12-24 15:51:50'),
(29, '  Fanconi Anemia (FANCC-related) \r\n', 1, '2020-12-24', '15:52:12', '2020-12-24 15:52:56'),
(30, '  GRACILE syndrome \r\n', 1, '2020-12-24', '15:52:12', '2020-12-24 15:52:56'),
(31, '  Gaucher disease \r\n', 1, '2020-12-24', '15:53:21', '2020-12-24 15:54:03'),
(32, '  Glucose-6-phosphate dehydrogenase deficiency(G6PD deficiency) \r\n', 1, '2020-12-24', '15:53:21', '2020-12-24 15:54:03'),
(33, '  Glycogen storage disease type 1A (Von Gierke Disease) \r\n', 1, '2020-12-24', '15:54:11', '2020-12-24 15:54:46'),
(34, '  Glycogen storage disease type 1B \r\n', 1, '2020-12-24', '15:54:11', '2020-12-24 15:54:46'),
(35, '   Glycogen storage disease type 2 or Pompe Disease 1 & 2 \r\n', 1, '2020-12-24', '15:54:58', '2020-12-24 15:55:42'),
(36, '   Glycogen storage disease type 3 \r\n', 1, '2020-12-24', '15:54:58', '2020-12-24 15:55:42'),
(37, '   Glycogen storage disease type 5 \r\n', 1, '2020-12-24', '15:55:49', '2020-12-24 15:56:32'),
(38, '   Hereditary Breast and Ovarian Cancer \r\n', 1, '2020-12-24', '15:55:49', '2020-12-24 15:56:32'),
(39, '   Hereditary fructose intolerance \r\n', 1, '2020-12-24', '15:56:41', '2020-12-24 15:57:07'),
(40, '   Hereditary hemochromatosis associated with HFE \r\n', 1, '2020-12-24', '15:56:41', '2020-12-24 15:57:07'),
(41, '  Hypokalemic Periodic Paralysis \r\n', 1, '2020-12-24', '16:00:48', '2020-12-24 16:01:19'),
(42, '  Hypophosphatasia \r\n', 1, '2020-12-24', '16:00:48', '2020-12-24 16:01:19'),
(43, '  Junctional Epidermolysis Bullosa \r\n', 1, '2020-12-24', '16:01:26', '2020-12-24 16:02:02'),
(44, '  Leigh Syndrome, French-Canadian type (LSFC) \r\n', 1, '2020-12-24', '16:01:26', '2020-12-24 16:02:02'),
(45, '  Leukoencephalopathy with vanishing white matter \r\n', 1, '2020-12-24', '16:02:13', '2020-12-24 16:02:39'),
(46, '  Li-Fraumeni Syndrome \r\n', 1, '2020-12-24', '16:02:13', '2020-12-24 16:02:39'),
(47, '  Limb-girdle muscular dystrophy \r\n', 1, '2020-12-24', '16:03:33', '2020-12-24 16:04:04'),
(48, '  Malignant Hyperthermia \r\n', 1, '2020-12-24', '16:03:33', '2020-12-24 16:04:04'),
(49, '  Maple syrup urine disease type 1B \r\n', 1, '2020-12-24', '16:04:11', '2020-12-24 16:04:37'),
(50, '  Medium-chain acyl-CoA dehydrogenase deficiency (MCADD) \r\n', 1, '2020-12-24', '16:04:11', '2020-12-24 16:04:37'),
(51, '  Metachromatic leukodystrophy \r\n', 1, '2020-12-24', '16:04:41', '2020-12-24 16:05:11'),
(52, '  Methylmalonic aciduria due to methylmalonyl-CoA mutase deficiency \r\n', 1, '2020-12-24', '16:04:41', '2020-12-24 16:05:11'),
(53, '  Mucolipidosis IV \r\n', 1, '2020-12-24', '16:05:58', '2020-12-24 16:05:43'),
(54, '  Mucolipidosis type II \r\n', 1, '2020-12-24', '16:05:20', '2020-12-24 16:05:43'),
(55, '  Multiple endocrine neoplasia 2B       \r\n', 1, '2020-12-24', '16:06:01', '2020-12-24 16:06:28'),
(56, '  Neuronal Ceroid-Lipofuscinoses type 1 (associated to PPT1)  \r\n', 1, '2020-12-24', '16:06:01', '2020-12-24 16:06:28'),
(57, '   Neuronal Ceroid-Lipofuscinoses type 3 (associated to CLN3) \r\n', 1, '2020-12-24', '16:06:44', '2020-12-24 16:07:15'),
(58, '     Neuronal Ceroid-Lipofuscinoses type 5 (associated to CLN5)\r\n', 1, '2020-12-24', '16:06:44', '2020-12-24 16:07:15'),
(59, '        Neuronal Ceroid-Lipofuscinoses type 6 (associated to CLN6) \r\n', 1, '2020-12-24', '16:07:19', '2020-12-24 16:07:55'),
(60, 'Neuronal Ceroid-Lipofuscinoses type 7 (associated to MFSD8)\r\n', 1, '2020-12-24', '16:07:19', '2020-12-24 16:07:55'),
(61, ' Niemann-Pick disease type A \r\n', 1, '2020-12-24', '16:07:59', '2020-12-24 16:08:38'),
(62, ' Non-syndromic mitochondrial hearing loss  \r\n', 1, '2020-12-24', '16:07:59', '2020-12-24 16:08:38'),
(63, 'Pendred syndrome  \r\n', 1, '2020-12-24', '16:08:54', '2020-12-24 16:09:36'),
(64, 'Peters plus syndrome  \r\n', 1, '2020-12-24', '16:08:54', '2020-12-24 16:09:36'),
(65, 'Phenylketonuria', 1, '2020-12-24', '16:09:47', '2020-12-24 16:10:20'),
(66, ' Pontocerebellar hypoplasia \r\n', 1, '2020-12-24', '16:09:47', '2020-12-24 16:10:20'),
(67, 'Primary hyperoxaluria type 1 (PH1)\r\n', 1, '2020-12-24', '16:10:31', '2020-12-24 16:11:05'),
(68, 'Primary hyperoxaluria type 2 (PH2) \r\n', 1, '2020-12-24', '16:10:31', '2020-12-24 16:11:05'),
(69, ' Pyridoxine-dependent epilepsy  \r\n', 1, '2020-12-24', '16:11:17', '2020-12-24 16:12:18'),
(70, ' Refsum disease \r\n', 1, '2020-12-24', '16:11:17', '2020-12-24 16:12:18'),
(71, ' Rhizomelic Chondrodysplasia Punctata Type 1 \r\n', 1, '2020-12-24', '16:11:17', '2020-12-24 16:13:16'),
(72, ' Salla Disease  \r\n', 1, '2020-12-24', '16:12:41', '2020-12-24 16:13:16'),
(73, ' Sjögren-Larsson syndrome  \r\n', 1, '2020-12-24', '16:14:04', '2020-12-24 16:14:42'),
(74, ' Spinal muscular atrophy  \r\n', 1, '2020-12-24', '16:14:04', '2020-12-24 16:14:42'),
(75, 'Tay-Sachs disease \r\n', 1, '2020-12-24', '16:15:19', '2020-12-24 16:15:57'),
(76, ' Tyrosinemia type I  \r\n', 1, '2020-12-24', '16:15:16', '2020-12-24 16:15:57'),
(77, 'Usher syndrome  \r\n', 1, '2020-12-24', '16:16:19', '2020-12-24 16:16:55'),
(78, 'Wilson disease   \r\n', 1, '2020-12-24', '16:16:19', '2020-12-24 16:16:55'),
(79, ' Zellweger syndrome \r\n', 1, '2020-12-24', '16:17:04', '2020-12-24 16:17:18');

-- --------------------------------------------------------

--
-- Table structure for table `mon_dis_male`
--

CREATE TABLE `mon_dis_male` (
  `D_id` int(11) NOT NULL,
  `D_Name` varchar(225) NOT NULL,
  `status` tinyint(2) NOT NULL DEFAULT 1,
  `Date` date NOT NULL,
  `Time` time NOT NULL DEFAULT current_timestamp(),
  `datetime` datetime NOT NULL DEFAULT current_timestamp()
) ENGINE=InnoDB DEFAULT CHARSET=utf8mb4;

--
-- Dumping data for table `mon_dis_male`
--

INSERT INTO `mon_dis_male` (`D_id`, `D_Name`, `status`, `Date`, `Time`, `datetime`) VALUES
(1, 'Hereditary hemochromatosis associated with HFE ', 1, '2020-12-23', '12:40:04', '2020-12-23 12:42:53'),
(2, 'ARSACS (Autosomal recessive spastic ataxia of Charlevoix-Saguenay)', 1, '2020-12-23', '12:40:04', '2020-12-23 12:42:53'),
(3, 'Acute intermittent porphyria', 1, '2020-12-23', '12:43:12', '2020-12-23 12:43:48'),
(4, 'Agenesis of the Corpus Callosum with Peripheral Neuropathy (ACCPN)', 1, '2020-12-23', '12:43:12', '2020-12-23 12:43:48'),
(5, ' Alpha-1 Antitrypsin Deficiency ', 1, '2020-12-23', '12:44:39', '2020-12-23 12:45:07'),
(6, 'Alpha-mannosidosis', 1, '2020-12-23', '12:45:12', '2020-12-23 12:45:51'),
(7, ' Autosomal recessive polycystic kidney disease', 1, '2020-12-23', '12:45:12', '2020-12-23 12:45:51'),
(8, 'Beta Thalassemia', 1, '2020-12-23', '12:45:58', '2020-12-23 12:46:43'),
(9, 'Biotinidase deficiency ', 1, '2020-12-23', '12:45:58', '2020-12-23 12:46:43'),
(10, 'Birt-Hogg-Dube syndrome', 1, '2020-12-23', '12:46:48', '2020-12-23 12:47:50'),
(11, ' Canavan Disease', 1, '2020-12-23', '12:46:48', '2020-12-23 12:47:50'),
(12, ' Classical homocystinuria due to CBS deficiency', 1, '2020-12-23', '12:48:05', '2020-12-23 12:48:48'),
(13, ' Congenital disorder of glycosylation type 1a (PMM2-CDG)', 1, '2020-12-23', '12:48:05', '2020-12-23 12:48:48'),
(14, 'Congenital myasthenic syndrome', 1, '2020-12-23', '12:48:55', '2020-12-23 12:49:43'),
(15, 'Cystic Fibrosis', 1, '2020-12-23', '12:48:55', '2020-12-23 12:49:43'),
(16, 'Cystinosis', 1, '2020-12-23', '12:51:46', '2020-12-23 12:52:25'),
(17, 'D-Bifunctional Protein Deficiency', 1, '2020-12-23', '12:51:46', '2020-12-23 12:52:25'),
(18, 'Diastrophic dysplasia', 1, '2020-12-23', '12:52:32', '2020-12-23 12:53:11'),
(19, 'Dihydrolipoamide Dehydrogenase Deficiency', 1, '2020-12-23', '12:52:32', '2020-12-23 12:53:11'),
(20, 'Ehlers-Danlos Syndrome (EDS) ', 1, '2020-12-23', '12:53:24', '2020-12-23 12:53:57'),
(21, 'Familial Advanced/Delayed Sleep-Phase Syndrome', 1, '2020-12-23', '12:53:24', '2020-12-23 12:53:57'),
(22, 'Familial Hypercholesterolemia ', 1, '2020-12-23', '12:54:28', '2020-12-23 12:55:17'),
(23, 'Familial Hypertrophic Cardiomyopathy (HCM)', 1, '2020-12-23', '12:54:28', '2020-12-23 12:55:17'),
(24, 'Familial Mediterranean fever ', 1, '2020-12-23', '12:55:49', '2020-12-23 12:56:27'),
(25, 'Familial TTR-related amyloidosis ', 1, '2020-12-23', '12:55:49', '2020-12-23 12:56:27'),
(26, '  Familial Transthyretin Amyloidosis \r\n', 1, '2020-12-23', '12:57:32', '2020-12-23 12:58:22'),
(27, '  Familial adenomatous polyposis  \r\n', 1, '2020-12-23', '12:57:32', '2020-12-23 12:58:22'),
(28, '  Familial dysautonomia (Riley-Day syndrome)  \r\n', 1, '2020-12-23', '13:00:39', '2020-12-23 13:01:33'),
(29, '  Fanconi Anemia (FANCC-related)  \r\n', 1, '2020-12-23', '13:00:39', '2020-12-23 13:01:33'),
(30, 'GRACILE syndrome ', 1, '2020-12-23', '13:02:40', '2020-12-23 13:03:22'),
(31, '  Gaucher disease  \r\n', 1, '2020-12-23', '13:02:40', '2020-12-23 13:03:22'),
(32, '  Glucose-6-phosphate dehydrogenase deficiency(G6PD deficiency)  \r\n', 1, '2020-12-23', '13:03:27', '2020-12-23 13:04:03'),
(33, '  Glycogen storage disease type 1A (Von Gierke Disease)  \r\n', 1, '2020-12-23', '13:03:27', '2020-12-23 13:04:03'),
(34, '  Glycogen storage disease type 1B  \r\n', 1, '2020-12-23', '13:05:17', '2020-12-23 13:06:22'),
(35, '  Glycogen storage disease type 2 or Pompe Disease 1 & 2  \r\n', 1, '2020-12-23', '13:06:17', '2020-12-23 13:06:22'),
(36, '  Glycogen storage disease type 3  \r\n', 1, '2020-12-23', '13:06:55', '2020-12-23 13:07:41'),
(37, '  Glycogen storage disease type 5  \r\n', 1, '2020-12-23', '13:07:41', '2020-12-23 13:07:41'),
(38, '  Hereditary fructose intolerance  \r\n', 1, '2020-12-23', '13:07:50', '2020-12-23 13:08:37'),
(39, '  Hypokalemic Periodic Paralysis  \r\n', 1, '2020-12-23', '13:07:50', '2020-12-23 13:08:37'),
(40, 'Hypophosphatasia', 1, '2020-12-23', '13:07:11', '2020-12-23 13:09:24'),
(41, '  Junctional Epidermolysis Bullosa  \r\n', 1, '2020-12-23', '13:08:42', '2020-12-23 13:09:24'),
(42, '  Leigh Syndrome, French-Canadian type (LSFC)  \r\n', 1, '2020-12-23', '13:10:28', '2020-12-23 13:11:19'),
(43, '  Leukoencephalopathy with vanishing white matter  \r\n', 1, '2020-12-23', '13:10:28', '2020-12-23 13:11:19'),
(44, '  Li-Fraumeni Syndrome  \r\n', 1, '2020-12-23', '13:11:26', '2020-12-23 13:11:59'),
(45, '  Limb-girdle muscular dystrophy  \r\n', 1, '2020-12-23', '13:11:26', '2020-12-23 13:11:59'),
(46, '  Malignant Hyperthermia  \r\n', 1, '2020-12-23', '13:12:12', '2020-12-23 13:13:10'),
(47, '  Maple syrup urine disease type 1B  \r\n', 1, '2020-12-23', '13:12:12', '2020-12-23 13:13:10'),
(48, '  Medium-chain acyl-CoA dehydrogenase deficiency (MCADD)  \r\n', 1, '2020-12-23', '13:13:13', '2020-12-23 13:14:06'),
(49, '  Metachromatic leukodystrophy  \r\n', 1, '2020-12-23', '13:13:13', '2020-12-23 13:14:06'),
(50, '  Methylmalonic aciduria due to methylmalonyl-CoA mutase deficiency  \r\n', 1, '2020-12-23', '13:14:17', '2020-12-23 13:14:56'),
(51, '  Mucolipidosis IV  \r\n', 1, '2020-12-23', '13:14:17', '2020-12-23 13:14:56'),
(52, '  Mucolipidosis type II  \r\n', 1, '2020-12-23', '13:16:15', '2020-12-23 13:16:51'),
(53, '  Multiple endocrine neoplasia 2B  \r\n', 1, '2020-12-23', '13:16:15', '2020-12-23 13:16:51'),
(54, '  Neuronal Ceroid-Lipofuscinoses type 1 (associated to PPT1)  \r\n', 1, '2020-12-23', '13:17:13', '2020-12-23 13:18:00'),
(55, '  Neuronal Ceroid-Lipofuscinoses type 5 (associated to CLN5)      \r\n', 1, '2020-12-23', '13:17:13', '2020-12-23 13:18:00'),
(56, 'Neuronal Ceroid-Lipofuscinoses type 6 (associated to CLN6)  \r\n', 1, '2020-12-23', '13:18:20', '2020-12-23 13:19:28'),
(57, '  Neuronal Ceroid-Lipofuscinoses type 7 (associated to MFSD8)  \r\n', 1, '2020-12-23', '13:18:20', '2020-12-23 13:19:28'),
(58, '  Niemann-Pick disease type A  \r\n', 1, '2020-12-23', '13:19:36', '2020-12-23 13:20:31'),
(59, '  Non-syndromic mitochondrial hearing loss  \r\n', 1, '2020-12-23', '13:19:36', '2020-12-23 13:20:31'),
(60, '  Pendred syndrome  \r\n', 1, '2020-12-23', '13:20:40', '2020-12-23 13:21:19'),
(61, '  Peters plus syndrome  \r\n', 1, '2020-12-23', '13:20:40', '2020-12-23 13:21:19'),
(62, 'Phenylketonuria', 1, '2020-12-23', '13:21:27', '2020-12-23 13:22:21'),
(63, '  Pontocerebellar hypoplasia  \r\n', 1, '2020-12-23', '13:21:27', '2020-12-23 13:22:21'),
(64, '  Primary hyperoxaluria type 1 (PH1)  \r\n', 1, '2020-12-23', '13:22:27', '2020-12-23 13:23:01'),
(65, '  Primary hyperoxaluria type 2 (PH2)  \r\n', 1, '2020-12-23', '13:22:27', '2020-12-23 13:23:01'),
(66, '  Pyridoxine-dependent epilepsy  \r\n', 1, '2020-12-23', '13:23:08', '2020-12-23 13:23:56'),
(67, '  Refsum disease  \r\n', 1, '2020-12-23', '13:23:08', '2020-12-23 13:23:56'),
(68, '  Rhizomelic Chondrodysplasia Punctata Type 1  \r\n', 1, '2020-12-23', '13:24:03', '2020-12-23 13:24:51'),
(69, '  Salla Disease  \r\n', 1, '2020-12-23', '13:24:03', '2020-12-23 13:24:51'),
(70, 'Short chain acyl-CoA dehydrogenase deficiency (SCADD)  ', 1, '2020-12-23', '13:24:29', '2020-12-23 13:25:35'),
(71, '  Sjögren-Larsson syndrome  \r\n', 1, '2020-12-23', '13:24:54', '2020-12-23 13:25:35'),
(72, '  Spinal muscular atrophy  \r\n', 1, '2020-12-23', '13:27:14', '2020-12-23 13:27:54'),
(73, '  Tay-Sachs disease  \r\n', 1, '2020-12-23', '13:27:13', '2020-12-23 13:27:54'),
(74, '  Tyrosinemia type I  \r\n', 1, '2020-12-23', '13:28:02', '2020-12-23 13:28:29'),
(75, '  Usher syndrome  \r\n', 1, '2020-12-23', '13:28:02', '2020-12-23 13:28:29'),
(76, '  Wilson disease  \r\n', 1, '2020-12-23', '13:28:45', '2020-12-23 13:29:23'),
(77, '  Zellweger syndrome  ', 1, '2020-12-23', '13:28:45', '2020-12-23 13:29:23');

-- --------------------------------------------------------

--
-- Table structure for table `traits_name_female`
--

CREATE TABLE `traits_name_female` (
  `trait_id` int(11) NOT NULL,
  `Trait_Name` varchar(225) NOT NULL,
  `status` tinyint(1) NOT NULL DEFAULT 1,
  `Date` date NOT NULL,
  `time` time NOT NULL,
  `DateTime` datetime NOT NULL DEFAULT current_timestamp()
) ENGINE=InnoDB DEFAULT CHARSET=utf8mb4;

--
-- Dumping data for table `traits_name_female`
--

INSERT INTO `traits_name_female` (`trait_id`, `Trait_Name`, `status`, `Date`, `time`, `DateTime`) VALUES
(1, 'Ability to eliminate harmful substances', 1, '2020-12-24', '13:28:55', '2020-12-24 13:30:12'),
(2, 'Adipose tissue formation', 1, '2020-12-24', '13:28:55', '2020-12-24 13:30:12'),
(3, 'Alcohol Addiction', 1, '2020-12-24', '13:30:47', '2020-12-24 13:31:24'),
(4, 'Alcohol Flush Reaction', 1, '2020-12-24', '13:30:47', '2020-12-24 13:31:24'),
(5, 'Alimentary Habits In Women', 1, '2020-12-24', '13:31:33', '2020-12-24 13:31:57'),
(6, 'Antioxidant capacity', 1, '2020-12-24', '13:31:33', '2020-12-24 13:31:57'),
(7, 'Biological Ageing', 1, '2020-12-24', '13:32:02', '2020-12-24 13:32:28'),
(8, 'Birth Weigh', 1, '2020-12-24', '13:32:02', '2020-12-24 13:32:28'),
(9, 'Bitter Taste Perception ', 1, '2020-12-24', '13:32:36', '2020-12-24 13:33:00'),
(10, 'Blood Glucose', 1, '2020-12-24', '13:32:36', '2020-12-24 13:33:00'),
(11, 'Blood Glucose In Obese Children', 1, '2020-12-24', '17:24:32', '2020-12-24 17:25:34'),
(12, 'Breast Feeding And Intelligence Coefficient ', 1, '2020-12-24', '17:24:32', '2020-12-24 17:25:34'),
(13, 'C-reactive Protein Levels', 1, '2020-12-24', '17:25:41', '2020-12-24 17:26:02'),
(14, 'Caffeine And Anxiety', 1, '2020-12-24', '17:25:42', '2020-12-24 17:26:02'),
(15, 'Caffeine Consumption', 1, '2020-12-24', '17:26:07', '2020-12-24 17:26:33'),
(16, 'Childhood Obesity Measurements', 1, '2020-12-24', '17:26:07', '2020-12-24 17:26:33'),
(17, 'Diet Response', 1, '2020-12-24', '17:27:00', '2020-12-24 17:27:30'),
(18, 'Drug Abuse', 1, '2020-12-24', '17:27:00', '2020-12-24 17:27:30'),
(19, 'Duffy Antigen (Malaria Resistant)', 1, '2020-12-24', '17:27:36', '2020-12-24 17:28:10'),
(20, 'Exercise-induced muscle damage (initial phase)', 1, '2020-12-24', '17:27:36', '2020-12-24 17:28:10'),
(21, 'Exercise-induced muscle damage (regeneration capacity)', 1, '2020-12-24', '17:28:14', '2020-12-24 17:28:39'),
(22, 'Exercise-induced muscle damage (second phase)', 1, '2020-12-24', '17:28:14', '2020-12-24 17:28:39'),
(23, 'Eye Color ', 1, '2020-12-24', '17:28:46', '2020-12-24 17:29:05'),
(24, 'Freckles', 1, '2020-12-24', '17:28:46', '2020-12-24 17:29:05'),
(25, 'Gambling behaviour', 1, '2020-12-24', '17:29:13', '2020-12-24 17:29:41'),
(26, 'Glucose Tolerance Response With Exercise', 1, '2020-12-24', '17:29:13', '2020-12-24 17:29:41'),
(27, 'HDL Cholesterol Levels', 1, '2020-12-24', '17:30:24', '2020-12-24 17:30:59'),
(28, 'Hair Color: Blond Hair', 1, '2020-12-24', '17:30:24', '2020-12-24 17:30:59'),
(29, 'Hair Color: Red Hair', 1, '2020-12-24', '17:31:07', '2020-12-24 17:31:33'),
(30, 'Hair Texture', 1, '2020-12-24', '17:31:09', '2020-12-24 17:31:33'),
(31, 'Heroin Addiction', 1, '2020-12-24', '17:32:07', '2020-12-24 17:32:29'),
(32, 'Intelligence Measurements', 1, '2020-12-24', '17:32:07', '2020-12-24 17:32:29'),
(33, 'LDL Cholesterol Levels', 1, '2020-12-24', '17:32:33', '2020-12-24 17:33:00'),
(34, 'Lactose Intolerance', 1, '2020-12-24', '17:32:33', '2020-12-24 17:33:00'),
(35, 'Longevity', 1, '2020-12-24', '17:33:05', '2020-12-24 17:33:27'),
(36, 'Malaria Complications', 1, '2020-12-24', '17:33:05', '2020-12-24 17:33:27'),
(37, 'Memory', 1, '2020-12-24', '17:33:32', '2020-12-24 17:34:07'),
(38, 'Menarche', 1, '2020-12-24', '17:33:32', '2020-12-24 17:34:07'),
(39, 'Menopause', 1, '2020-12-24', '17:34:12', '2020-12-24 17:34:41'),
(40, 'Muscle Endurance', 1, '2020-12-24', '17:34:12', '2020-12-24 17:34:41'),
(41, 'Nicotine Addiction', 1, '2020-12-24', '17:34:59', '2020-12-24 17:35:29'),
(42, 'Nicotine Dependence And Adolescence ', 1, '2020-12-24', '17:34:59', '2020-12-24 17:35:29'),
(43, 'Nicotine dependence and pregnancy', 1, '2020-12-24', '17:35:40', '2020-12-24 17:36:07'),
(44, 'Norovirus resistance', 1, '2020-12-24', '17:35:40', '2020-12-24 17:36:07'),
(45, 'Obesity Measurements', 1, '2020-12-24', '17:36:11', '2020-12-24 17:36:33'),
(46, 'Pain Sensitivity', 1, '2020-12-24', '17:36:11', '2020-12-24 17:36:33'),
(47, 'Persistence Of Fetal Hemoglobin', 1, '2020-12-24', '17:36:40', '2020-12-24 17:37:19'),
(48, 'Photic Sneeze Reflex', 1, '2020-12-24', '17:36:40', '2020-12-24 17:37:19'),
(49, 'Pigmented Rings On The Iris', 1, '2020-12-24', '17:37:23', '2020-12-24 17:37:55'),
(50, 'Preference For Sweets', 1, '2020-12-24', '17:37:23', '2020-12-24 17:37:55'),
(51, 'Preterm birth', 1, '2020-12-24', '17:38:00', '2020-12-24 17:38:45'),
(52, 'QT Intervals', 1, '2020-12-24', '17:38:00', '2020-12-24 17:38:45'),
(53, 'Response To Exercise', 1, '2020-12-24', '17:38:49', '2020-12-24 17:39:16'),
(54, 'Sex hormone regulation', 1, '2020-12-24', '17:38:49', '2020-12-24 17:39:16'),
(55, 'Smell, The Sense Of (Olfaction)', 1, '2020-12-24', '17:39:19', '2020-12-24 17:39:57'),
(56, 'Smell, The Sense Of (Olfaction)', 1, '2020-12-24', '17:39:19', '2020-12-24 17:39:57'),
(57, 'Tendinopathies in lower extremities (legs) ', 1, '2020-12-24', '17:40:02', '2020-12-24 17:40:26'),
(58, 'Tendinopathies in upper extremities (arms) ', 1, '2020-12-24', '17:40:06', '2020-12-24 17:40:26'),
(59, 'Vitamin D levels', 1, '2020-12-24', '17:40:34', '2020-12-24 17:40:42');

-- --------------------------------------------------------

--
-- Table structure for table `traits_name_male`
--

CREATE TABLE `traits_name_male` (
  `trait_id` int(11) NOT NULL,
  `Trait_Name` varchar(225) NOT NULL,
  `datetime` datetime NOT NULL DEFAULT current_timestamp(),
  `date` date NOT NULL,
  `time` time NOT NULL,
  `status` tinyint(1) NOT NULL DEFAULT 1
) ENGINE=InnoDB DEFAULT CHARSET=utf8mb4;

--
-- Dumping data for table `traits_name_male`
--

INSERT INTO `traits_name_male` (`trait_id`, `Trait_Name`, `datetime`, `date`, `time`, `status`) VALUES
(1, 'Ability to eliminate harmful substances ', '2020-12-21 16:58:56', '2020-12-21', '16:58:56', 1),
(2, 'Adipose tissue formation ', '2020-12-21 16:58:56', '2020-12-21', '17:58:56', 1),
(3, 'Aggressive Prostate Cancer ', '2020-12-21 17:01:58', '2020-12-21', '17:01:58', 1),
(4, 'Alcohol Addiction ', '2020-12-21 17:01:58', '2020-12-21', '17:01:58', 1),
(5, 'Alcohol Flush Reaction ', '2020-12-21 17:04:02', '2020-12-21', '17:04:02', 1),
(6, 'Antioxidant capacity ', '2020-12-21 17:04:02', '2020-12-21', '17:04:02', 1),
(7, 'Biological Ageing ', '2020-12-21 17:05:08', '2020-12-21', '17:05:08', 1),
(8, 'Birth Weight ', '2020-12-21 17:05:08', '2020-12-21', '17:05:08', 1),
(9, 'Bitter Taste Perception ', '2020-12-21 17:06:31', '2020-12-21', '17:06:31', 1),
(10, 'Blood Glucose ', '2020-12-21 17:06:31', '2020-12-21', '17:06:31', 1),
(11, 'Blood Glucose In Obese Children', '2020-12-23 17:17:14', '2020-12-23', '17:16:09', 1),
(12, 'Caffeine Consumption', '2020-12-23 17:17:14', '2020-12-23', '17:16:09', 1),
(13, 'Childhood Obesity Measurements', '2020-12-23 17:18:17', '2020-12-23', '17:17:38', 1),
(14, 'Diet Response', '2020-12-23 17:18:17', '2020-12-23', '17:17:38', 1),
(15, 'Drug Abuse', '2020-12-23 17:19:07', '2020-12-23', '17:18:29', 1),
(16, 'Duffy Antigen (Malaria Resistant)', '2020-12-23 17:19:07', '2020-12-23', '17:18:29', 1),
(17, 'Error Avoidance Capacity', '2020-12-23 17:19:48', '2020-12-23', '17:19:21', 1),
(18, 'Exercise-induced muscle damage (initial phase)', '2020-12-23 17:19:48', '2020-12-23', '17:19:21', 1),
(19, 'Exercise-induced muscle damage (regeneration capacity)', '2020-12-23 17:21:06', '2020-12-23', '17:20:31', 1),
(20, 'Exercise-induced muscle damage (second phase)', '2020-12-23 17:21:06', '2020-12-23', '17:20:31', 1),
(21, 'Eye Color', '2020-12-23 17:22:40', '2020-12-23', '17:21:26', 1),
(22, 'Freckles', '2020-12-23 17:22:40', '2020-12-23', '17:21:26', 1),
(23, 'Gambling behaviour', '2020-12-23 17:23:27', '2020-12-23', '17:22:59', 1),
(24, 'Glucose Tolerance Response With Exercise', '2020-12-23 17:23:27', '2020-12-23', '17:22:59', 1),
(25, 'HDL Cholesterol Levels', '2020-12-23 17:24:04', '2020-12-23', '17:23:37', 1),
(26, 'Hair Color: Blond Hair', '2020-12-23 17:24:04', '2020-12-23', '17:23:37', 1),
(27, 'Hair Color: Red Hair', '2020-12-23 17:25:13', '2020-12-23', '17:24:40', 1),
(28, 'Hair Texture', '2020-12-23 17:25:13', '2020-12-23', '17:24:40', 1),
(29, 'Heroin Addiction', '2020-12-23 17:25:59', '2020-12-23', '17:25:18', 1),
(30, 'Intelligence Measurements', '2020-12-23 17:25:59', '2020-12-23', '17:25:18', 1),
(31, 'LDL Cholesterol Levels', '2020-12-23 17:26:58', '2020-12-23', '17:26:15', 1),
(32, 'Lactose Intolerance', '2020-12-23 17:26:58', '2020-12-23', '17:26:16', 1),
(33, 'Longevity', '2020-12-23 17:27:57', '2020-12-23', '17:27:12', 1),
(34, 'Malaria Complications', '2020-12-23 17:27:57', '2020-12-23', '17:27:14', 1),
(35, 'Male baldness', '2020-12-23 17:29:13', '2020-12-23', '17:28:11', 1),
(36, 'Memory', '2020-12-23 17:29:13', '2020-12-23', '17:28:11', 1),
(37, 'Muscle Endurance', '2020-12-23 17:30:57', '2020-12-23', '17:29:58', 1),
(38, 'Nicotine Addiction', '2020-12-23 17:30:57', '2020-12-23', '17:29:58', 1),
(39, 'Nicotine Dependence And Adolescence', '2020-12-23 17:31:48', '2020-12-23', '17:31:14', 1),
(40, 'Norovirus resistance', '2020-12-23 17:31:48', '2020-12-23', '17:31:15', 1),
(41, 'Obesity Measurements', '2020-12-23 17:32:42', '2020-12-23', '17:31:59', 1),
(42, 'PSA (Prostate-specific Antigen) Levels', '2020-12-23 17:32:42', '2020-12-23', '17:31:59', 1),
(43, 'Pain Sensitivity', '2020-12-23 17:33:21', '2020-12-23', '17:32:50', 1),
(44, 'Persistence Of Fetal Hemoglobin', '2020-12-23 17:33:21', '2020-12-23', '17:32:50', 1),
(45, 'Photic Sneeze Reflex', '2020-12-23 17:34:01', '2020-12-23', '17:33:27', 1),
(46, 'Pigmented Rings On The Iris', '2020-12-23 17:34:01', '2020-12-23', '17:33:27', 1),
(47, 'Preference For Sweets', '2020-12-23 17:34:58', '2020-12-23', '17:34:22', 1),
(48, 'Preterm birth', '2020-12-23 17:34:58', '2020-12-23', '17:34:22', 1),
(49, 'QT Intervals', '2020-12-23 17:35:58', '2020-12-23', '17:35:11', 1),
(50, 'Response To Exercise', '2020-12-23 17:35:58', '2020-12-23', '17:35:11', 1),
(51, 'Sex hormone regulation', '2020-12-23 17:36:40', '2020-12-23', '17:36:09', 1),
(52, 'Smell, The Sense Of (Olfaction)', '2020-12-23 17:36:40', '2020-12-23', '17:36:05', 1),
(53, 'Stature', '2020-12-23 17:37:30', '2020-12-23', '17:36:51', 1),
(54, 'Tendinopathies in lower extremities (legs) ', '2020-12-23 17:37:30', '2020-12-23', '17:36:51', 1),
(55, 'Tendinopathies in upper extremities (arms)', '2020-12-23 17:38:24', '2020-12-23', '17:37:51', 1),
(56, 'Vitamin D levels', '2020-12-23 17:38:24', '2020-12-23', '17:37:51', 1);

--
-- Indexes for dumped tables
--

--
-- Indexes for table `complex_disease_female`
--
ALTER TABLE `complex_disease_female`
  ADD PRIMARY KEY (`id`);

--
-- Indexes for table `complex_disease_male`
--
ALTER TABLE `complex_disease_male`
  ADD PRIMARY KEY (`id`);

--
-- Indexes for table `complex_dis_name_female`
--
ALTER TABLE `complex_dis_name_female`
  ADD PRIMARY KEY (`com_id`);

--
-- Indexes for table ` complex_dis_name_male`
--
ALTER TABLE ` complex_dis_name_male`
  ADD PRIMARY KEY (`com_id`);

--
-- Indexes for table `disease_female`
--
ALTER TABLE `disease_female`
  ADD PRIMARY KEY (`id`);

--
-- Indexes for table `disease_input_female`
--
ALTER TABLE `disease_input_female`
  ADD PRIMARY KEY (`id`);

--
-- Indexes for table `disease_input_male`
--
ALTER TABLE `disease_input_male`
  ADD PRIMARY KEY (`id`);

--
-- Indexes for table `disease_male`
--
ALTER TABLE `disease_male`
  ADD PRIMARY KEY (`id`);

--
-- Indexes for table `drugsname_female`
--
ALTER TABLE `drugsname_female`
  ADD PRIMARY KEY (`drg_id`);

--
-- Indexes for table `drugsname_male`
--
ALTER TABLE `drugsname_male`
  ADD PRIMARY KEY (`drg_id`);

--
-- Indexes for table `drugs_female`
--
ALTER TABLE `drugs_female`
  ADD PRIMARY KEY (`id`);

--
-- Indexes for table `drugs_male`
--
ALTER TABLE `drugs_male`
  ADD PRIMARY KEY (`id`);

--
-- Indexes for table `drug_input_female`
--
ALTER TABLE `drug_input_female`
  ADD PRIMARY KEY (`id`);

--
-- Indexes for table `drug_input_male`
--
ALTER TABLE `drug_input_male`
  ADD PRIMARY KEY (`id`);

--
-- Indexes for table `female_report`
--
ALTER TABLE `female_report`
  ADD PRIMARY KEY (`F_id`);

--
-- Indexes for table `female_trait`
--
ALTER TABLE `female_trait`
  ADD PRIMARY KEY (`id`);

--
-- Indexes for table `female_trait_input`
--
ALTER TABLE `female_trait_input`
  ADD PRIMARY KEY (`id`);

--
-- Indexes for table `male_report`
--
ALTER TABLE `male_report`
  ADD PRIMARY KEY (`id`);

--
-- Indexes for table `male_trait`
--
ALTER TABLE `male_trait`
  ADD PRIMARY KEY (`id`);

--
-- Indexes for table `male_trait_input`
--
ALTER TABLE `male_trait_input`
  ADD PRIMARY KEY (`id`);

--
-- Indexes for table `mon_dis_female`
--
ALTER TABLE `mon_dis_female`
  ADD PRIMARY KEY (`D_id`);

--
-- Indexes for table `mon_dis_male`
--
ALTER TABLE `mon_dis_male`
  ADD PRIMARY KEY (`D_id`);

--
-- Indexes for table `traits_name_female`
--
ALTER TABLE `traits_name_female`
  ADD PRIMARY KEY (`trait_id`);

--
-- Indexes for table `traits_name_male`
--
ALTER TABLE `traits_name_male`
  ADD PRIMARY KEY (`trait_id`);

--
-- AUTO_INCREMENT for dumped tables
--

--
-- AUTO_INCREMENT for table `complex_disease_female`
--
ALTER TABLE `complex_disease_female`
  MODIFY `id` int(11) NOT NULL AUTO_INCREMENT, AUTO_INCREMENT=11;

--
-- AUTO_INCREMENT for table `complex_disease_male`
--
ALTER TABLE `complex_disease_male`
  MODIFY `id` int(11) NOT NULL AUTO_INCREMENT, AUTO_INCREMENT=274;

--
-- AUTO_INCREMENT for table `complex_dis_name_female`
--
ALTER TABLE `complex_dis_name_female`
  MODIFY `com_id` int(11) NOT NULL AUTO_INCREMENT, AUTO_INCREMENT=97;

--
-- AUTO_INCREMENT for table ` complex_dis_name_male`
--
ALTER TABLE ` complex_dis_name_male`
  MODIFY `com_id` int(11) NOT NULL AUTO_INCREMENT, AUTO_INCREMENT=92;

--
-- AUTO_INCREMENT for table `disease_female`
--
ALTER TABLE `disease_female`
  MODIFY `id` int(11) NOT NULL AUTO_INCREMENT, AUTO_INCREMENT=11;

--
-- AUTO_INCREMENT for table `disease_input_female`
--
ALTER TABLE `disease_input_female`
  MODIFY `id` int(11) NOT NULL AUTO_INCREMENT, AUTO_INCREMENT=11;

--
-- AUTO_INCREMENT for table `disease_input_male`
--
ALTER TABLE `disease_input_male`
  MODIFY `id` int(25) NOT NULL AUTO_INCREMENT, AUTO_INCREMENT=6;

--
-- AUTO_INCREMENT for table `disease_male`
--
ALTER TABLE `disease_male`
  MODIFY `id` int(11) NOT NULL AUTO_INCREMENT, AUTO_INCREMENT=257;

--
-- AUTO_INCREMENT for table `drugsname_female`
--
ALTER TABLE `drugsname_female`
  MODIFY `drg_id` int(11) NOT NULL AUTO_INCREMENT, AUTO_INCREMENT=150;

--
-- AUTO_INCREMENT for table `drugsname_male`
--
ALTER TABLE `drugsname_male`
  MODIFY `drg_id` int(11) NOT NULL AUTO_INCREMENT, AUTO_INCREMENT=152;

--
-- AUTO_INCREMENT for table `drugs_female`
--
ALTER TABLE `drugs_female`
  MODIFY `id` int(11) NOT NULL AUTO_INCREMENT, AUTO_INCREMENT=51;

--
-- AUTO_INCREMENT for table `drugs_male`
--
ALTER TABLE `drugs_male`
  MODIFY `id` int(11) NOT NULL AUTO_INCREMENT, AUTO_INCREMENT=454;

--
-- AUTO_INCREMENT for table `drug_input_female`
--
ALTER TABLE `drug_input_female`
  MODIFY `id` int(11) NOT NULL AUTO_INCREMENT, AUTO_INCREMENT=11;

--
-- AUTO_INCREMENT for table `drug_input_male`
--
ALTER TABLE `drug_input_male`
  MODIFY `id` int(11) NOT NULL AUTO_INCREMENT, AUTO_INCREMENT=152;

--
-- AUTO_INCREMENT for table `female_report`
--
ALTER TABLE `female_report`
  MODIFY `F_id` int(11) NOT NULL AUTO_INCREMENT, AUTO_INCREMENT=2;

--
-- AUTO_INCREMENT for table `female_trait`
--
ALTER TABLE `female_trait`
  MODIFY `id` int(11) NOT NULL AUTO_INCREMENT, AUTO_INCREMENT=11;

--
-- AUTO_INCREMENT for table `female_trait_input`
--
ALTER TABLE `female_trait_input`
  MODIFY `id` int(11) NOT NULL AUTO_INCREMENT, AUTO_INCREMENT=11;

--
-- AUTO_INCREMENT for table `male_report`
--
ALTER TABLE `male_report`
  MODIFY `id` int(11) NOT NULL AUTO_INCREMENT, AUTO_INCREMENT=9;

--
-- AUTO_INCREMENT for table `male_trait`
--
ALTER TABLE `male_trait`
  MODIFY `id` int(11) NOT NULL AUTO_INCREMENT, AUTO_INCREMENT=169;

--
-- AUTO_INCREMENT for table `male_trait_input`
--
ALTER TABLE `male_trait_input`
  MODIFY `id` int(11) NOT NULL AUTO_INCREMENT, AUTO_INCREMENT=169;

--
-- AUTO_INCREMENT for table `mon_dis_female`
--
ALTER TABLE `mon_dis_female`
  MODIFY `D_id` int(11) NOT NULL AUTO_INCREMENT, AUTO_INCREMENT=80;

--
-- AUTO_INCREMENT for table `mon_dis_male`
--
ALTER TABLE `mon_dis_male`
  MODIFY `D_id` int(11) NOT NULL AUTO_INCREMENT, AUTO_INCREMENT=78;

--
-- AUTO_INCREMENT for table `traits_name_female`
--
ALTER TABLE `traits_name_female`
  MODIFY `trait_id` int(11) NOT NULL AUTO_INCREMENT, AUTO_INCREMENT=60;

--
-- AUTO_INCREMENT for table `traits_name_male`
--
ALTER TABLE `traits_name_male`
  MODIFY `trait_id` int(11) NOT NULL AUTO_INCREMENT, AUTO_INCREMENT=57;
COMMIT;

/*!40101 SET CHARACTER_SET_CLIENT=@OLD_CHARACTER_SET_CLIENT */;
/*!40101 SET CHARACTER_SET_RESULTS=@OLD_CHARACTER_SET_RESULTS */;
/*!40101 SET COLLATION_CONNECTION=@OLD_COLLATION_CONNECTION */;
